initial,initial_label,rhyme,final,reading,status,sino_entry_count,character_count,example_characters
,zero / no written initial,aan,n,aan,attested,3,3,眼㗴𤡥
,zero / no written initial,aen,n,aen,attested,2,2,詽虤
,zero / no written initial,an,n,an,attested,10,10,岸喭頇鴈㷳顏䮗𡹼𡽜𪗙
,zero / no written initial,en,n,en,attested,12,10,犴豻偐雁雃楌鳫贋𤜵𨲊
,zero / no written initial,eon,n,eon,gap,0,0,
,zero / no written initial,ian,n,ian,gap,0,0,
,zero / no written initial,ien,n,ien,attested,14,14,俓泿研圁珢硏釿揅鄞齗齞䖜
,zero / no written initial,in,n,in,attested,15,14,听垠垽𧥺趼誾鳽憗磭䴦㘋㹞
,zero / no written initial,n,n,n,gap,0,0,
,zero / no written initial,oen,n,oen,attested,2,2,圻䭓
,zero / no written initial,on,n,on,attested,2,2,垠泿
,zero / no written initial,uaen,n,uaen,gap,0,0,
,zero / no written initial,uan,n,uan,gap,0,0,
,zero / no written initial,uen,n,uen,attested,29,29,听妘抎斦貟垽紜耺鄆雲愪暈
,zero / no written initial,ueon,n,ueon,gap,0,0,
,zero / no written initial,uin,n,uin,gap,0,0,
,zero / no written initial,un,n,un,attested,32,30,云圻夽忶沄芸垠員狺耘喗運
,zero / no written initial,waan,n,waan,gap,0,0,
,zero / no written initial,waen,n,waen,gap,0,0,
,zero / no written initial,wan,n,wan,gap,0,0,
,zero / no written initial,woen,n,woen,gap,0,0,
,zero / no written initial,won,n,won,gap,0,0,
,zero / no written initial,wyn,n,wyn,gap,0,0,
,zero / no written initial,yeon,n,yeon,gap,0,0,
,zero / no written initial,yn,n,yn,gap,0,0,
,zero / no written initial,aam,m,aam,attested,2,2,巖礹
,zero / no written initial,aem,m,aem,attested,1,1,𡆑
,zero / no written initial,am,m,am,attested,7,6,嵁儑顉㜝䜙𡪁
,zero / no written initial,em,m,em,attested,6,6,嵒羬顑麙黬𧇱
,zero / no written initial,eom,m,eom,attested,5,5,碞𪙊㺂䫡𧬌
,zero / no written initial,iem,m,iem,attested,5,5,唫荶訡碞䪩
,zero / no written initial,im,m,im,attested,6,5,吟崟僸趛𩂢
,zero / no written initial,m,m,m,gap,0,0,
,zero / no written initial,oem,m,oem,gap,0,0,
,zero / no written initial,om,m,om,gap,0,0,
,zero / no written initial,ym,m,ym,gap,0,0,
,zero / no written initial,yom,m,yom,gap,0,0,
,zero / no written initial,aang,ng,aang,attested,2,1,迎
,zero / no written initial,aeng,ng,aeng,attested,9,7,卬仰㭿鞕㟅𡵙𨋕
,zero / no written initial,ang,ng,ang,attested,12,8,昂枊䒢俓娙硬䩕䭹
,zero / no written initial,eng,ng,eng,attested,2,2,矨䀴
,zero / no written initial,eong,ng,eong,gap,0,0,
,zero / no written initial,iaang,ng,iaang,gap,0,0,
,zero / no written initial,iang,ng,iang,gap,0,0,
,zero / no written initial,ieng,ng,ieng,gap,0,0,
,zero / no written initial,ing,ng,ing,attested,2,1,凝
,zero / no written initial,iong,ng,iong,gap,0,0,
,zero / no written initial,iung,ng,iung,gap,0,0,
,zero / no written initial,oeng,ng,oeng,gap,0,0,
,zero / no written initial,ong,ng,ong,attested,4,4,喁顒鰅𩤛
,zero / no written initial,uaang,ng,uaang,gap,0,0,
,zero / no written initial,ueng,ng,ueng,gap,0,0,
,zero / no written initial,ung,ng,ung,attested,1,1,㟅
,zero / no written initial,waang,ng,waang,gap,0,0,
,zero / no written initial,waeng,ng,waeng,gap,0,0,
,zero / no written initial,wang,ng,wang,gap,0,0,
,zero / no written initial,wueng,ng,wueng,gap,0,0,
,zero / no written initial,wung,ng,wung,gap,0,0,
,zero / no written initial,yang,ng,yang,gap,0,0,
,zero / no written initial,yeng,ng,yeng,gap,0,0,
,zero / no written initial,yeong,ng,yeong,gap,0,0,
,zero / no written initial,yng,ng,yng,gap,0,0,
,zero / no written initial,aay,y,aay,attested,4,4,崖猚睚𩂢
,zero / no written initial,aey,y,aey,attested,15,15,厓啀涯硋嵦隑閡儗礙𪘲䙷𢟰
,zero / no written initial,ay,y,ay,attested,13,12,娾剴敳獃皚懝騃譺㱯𤶗𥝌𧏹
,zero / no written initial,eoy,y,eoy,gap,0,0,
,zero / no written initial,ey,y,ey,attested,6,6,毅螘藙䉨𢖫𧅙
,zero / no written initial,uy,y,uy,attested,5,5,沂豙溰顗顡
,zero / no written initial,waay,y,waay,gap,0,0,
,zero / no written initial,waey,y,waey,gap,0,0,
,zero / no written initial,way,y,way,gap,0,0,
,zero / no written initial,wey,y,wey,gap,0,0,
,zero / no written initial,wy,y,wy,gap,0,0,
,zero / no written initial,y,y,y,gap,0,0,
,zero / no written initial,yay,y,yay,gap,0,0,
,zero / no written initial,aaw,w,aaw,attested,12,12,奡滶獒摮熬遨𢿣磝翺鼇䦋𣘢
,zero / no written initial,aew,w,aew,attested,14,12,傲嗷嗸嫯嶅蔜螯驁鰲𩑤𩪕𩳔
,zero / no written initial,aw,w,aw,attested,17,12,敖樂磽聱謷鏊齩鷔䫨𢧴𦪈𦽀
,zero / no written initial,eow,w,eow,gap,0,0,
,zero / no written initial,ew,w,ew,attested,1,1,𧇠
,zero / no written initial,iaew,w,iaew,gap,0,0,
,zero / no written initial,iaw,w,iaw,gap,0,0,
,zero / no written initial,iew,w,iew,gap,0,0,
,zero / no written initial,iw,w,iw,gap,0,0,
,zero / no written initial,oew,w,oew,attested,3,3,蕅藕齵
,zero / no written initial,ow,w,ow,attested,5,4,偶耦髃㼴
,zero / no written initial,yeow,w,yeow,gap,0,0,
,zero / no written initial,aei,i,aei,attested,1,1,鴱
,zero / no written initial,ai,i,ai,attested,2,2,艾𧰿
,zero / no written initial,i,i,i,attested,44,38,兒狋盻堄涯羛晲棿睨竩義蛾
,zero / no written initial,uei,i,uei,attested,23,18,唯蜼蓶踓遺濰孈纗㨊䓈䔺䲊
,zero / no written initial,waei,i,waei,gap,0,0,
,zero / no written initial,wai,i,wai,gap,0,0,
,zero / no written initial,wi,i,wi,gap,0,0,
,zero / no written initial,aak,k,aak,attested,6,6,峉詻頟額䩹䱮
,zero / no written initial,aek,k,aek,attested,19,19,岳堮鄂遌鳽諤嶽鍔瓁顎鰐鑩
,zero / no written initial,ak,k,ak,attested,19,19,咢偔捳㗁崿愕湂㮙萼樂噩𩓥
,zero / no written initial,ek,k,ek,attested,5,5,艗鶂鷁虉𠩫
,zero / no written initial,eok,k,eok,gap,0,0,
,zero / no written initial,iaak,k,iaak,gap,0,0,
,zero / no written initial,iak,k,iak,gap,0,0,
,zero / no written initial,iek,k,iek,attested,9,9,淢琙罭緎蜮薿魊觺㚜
,zero / no written initial,ik,k,ik,attested,10,10,域棫嶷懝㘈䮙𦈸𦱂𪂉𪑝
,zero / no written initial,iok,k,iok,gap,0,0,
,zero / no written initial,iuk,k,iuk,gap,0,0,
,zero / no written initial,oek,k,oek,gap,0,0,
,zero / no written initial,ok,k,ok,attested,1,1,𤛹
,zero / no written initial,uaak,k,uaak,gap,0,0,
,zero / no written initial,uek,k,uek,gap,0,0,
,zero / no written initial,uk,k,uk,gap,0,0,
,zero / no written initial,waak,k,waak,gap,0,0,
,zero / no written initial,waek,k,waek,gap,0,0,
,zero / no written initial,yeok,k,yeok,gap,0,0,
,zero / no written initial,yk,k,yk,gap,0,0,
,zero / no written initial,aach,ch,aach,attested,3,3,屰逆縌
,zero / no written initial,ach,ch,ach,attested,3,3,虐瘧磭
,zero / no written initial,aech,ch,aech,attested,3,3,㘙𠱘𥿬
,zero / no written initial,och,ch,och,attested,4,4,玉頊獄鳿
,zero / no written initial,oech,ch,oech,gap,0,0,
,zero / no written initial,uch,ch,uch,attested,1,1,砡
,zero / no written initial,uech,ch,uech,gap,0,0,
,zero / no written initial,aat,t,aat,attested,3,3,聉𦘍𦤙
,zero / no written initial,aet,t,aet,gap,0,0,
,zero / no written initial,at,t,at,attested,10,10,刖𠱥頇嶭㩵㱚䎳䚴䡾𩮝
,zero / no written initial,eot,t,eot,gap,0,0,
,zero / no written initial,et,t,et,attested,19,18,𣎴屵歺圪耴枿聉聐隉槷櫱齾
,zero / no written initial,iat,t,iat,gap,0,0,
,zero / no written initial,iet,t,iet,gap,0,0,
,zero / no written initial,it,t,it,attested,9,9,臬嶭霓齧䫻𡿖𣅕𦨇𦳯
,zero / no written initial,oet,t,oet,gap,0,0,
,zero / no written initial,ot,t,ot,attested,6,6,圪抭疙觱𢔥𢯮
,zero / no written initial,t,t,t,gap,0,0,
,zero / no written initial,uet,t,uet,gap,0,0,
,zero / no written initial,ut,t,ut,attested,6,6,仡屹崛䁌䬑𧆫
,zero / no written initial,waet,t,waet,gap,0,0,
,zero / no written initial,wat,t,wat,gap,0,0,
,zero / no written initial,woet,t,woet,gap,0,0,
,zero / no written initial,wot,t,wot,gap,0,0,
,zero / no written initial,yeot,t,yeot,gap,0,0,
,zero / no written initial,yt,t,yt,gap,0,0,
,zero / no written initial,aets,ts,aets,attested,4,4,糱䡾䶬𡴎
,zero / no written initial,ats,ts,ats,attested,4,4,闑孼㜸讞
,zero / no written initial,eots,ts,eots,gap,0,0,
,zero / no written initial,ets,ts,ets,attested,4,4,櫱蠥钀𤅊
,zero / no written initial,aap,p,aap,attested,4,3,㬎儑㾑
,zero / no written initial,aep,p,aep,attested,4,4,砐䑥礘𡀾
,zero / no written initial,ap,p,ap,attested,4,4,哈魥礏𥋙
,zero / no written initial,eop,p,eop,gap,0,0,
,zero / no written initial,ep,p,ep,attested,1,1,䀴
,zero / no written initial,iep,p,iep,gap,0,0,
,zero / no written initial,ip,p,ip,attested,3,3,煜熠騽
,zero / no written initial,oep,p,oep,gap,0,0,
,zero / no written initial,op,p,op,gap,0,0,
,zero / no written initial,p,p,p,gap,0,0,
,zero / no written initial,yp,p,yp,gap,0,0,
,zero / no written initial,eov,v,eov,gap,0,0,
,zero / no written initial,ev,v,ev,attested,8,8,業澲驜鸈㗼䧨𠄅𢢜
,zero / no written initial,ov,v,ov,attested,7,7,嶪鄴㸣䲜𠟪𩑃𩼋
,zero / no written initial,aenn,nn,aenn,gap,0,0,
,zero / no written initial,ann,nn,ann,attested,6,6,言䇾甗巘䓂𧥜
,zero / no written initial,enn,nn,enn,attested,6,6,彥唁喭嵃諺𤫣
,zero / no written initial,eonn,nn,eonn,attested,7,6,這遃甗巘齴讞
,zero / no written initial,onn,nn,onn,attested,5,5,屵琂鬳𤬝𪗛
,zero / no written initial,aeyh,h,aeyh,gap,0,0,
,zero / no written initial,ah,h,ah,gap,0,0,
,zero / no written initial,ayh,h,ayh,attested,8,8,乂刈艾㣻㲼䖊䢃𩾘
,zero / no written initial,emh,h,emh,attested,12,10,广噞嬐儼釅㢂䉷䲓𠆲𢇘
,zero / no written initial,eomh,h,eomh,attested,10,9,隒嶮嚴顩驗曮礹𪙊𣄝
,zero / no written initial,ueh,h,ueh,attested,11,10,圄魚馭漁鋙聱蘌𩺰䥏𩼪
,zero / no written initial,uh,h,uh,attested,14,11,圉御敔衙語䰻禦篽齬籞䁩
,zero / no written initial,r,r,r,gap,0,0,
,zero / no written initial,,open,,gap,0,0,
,zero / no written initial,a,open,a,attested,18,16,牙疋厊吾呀庌犽枒芽迓砑訝
,zero / no written initial,aa,open,aa,attested,10,9,我哦峩莪䄉蛾誐餓𩒰
,zero / no written initial,ae,open,ae,attested,9,8,俄娥涐睋硪騀鵝㧴
,zero / no written initial,au,open,au,attested,10,9,垚堯僥嶢澆獟顤𠹑𪖐
,zero / no written initial,e,open,e,attested,9,9,埶槸蓺褹藝囈㓷㦣䆿
,zero / no written initial,eo,open,eo,gap,0,0,
,zero / no written initial,eou,open,eou,gap,0,0,
,zero / no written initial,eu,open,eu,gap,0,0,
,zero / no written initial,ia,open,ia,gap,0,0,
,zero / no written initial,iaeu,open,iaeu,gap,0,0,
,zero / no written initial,iau,open,iau,gap,0,0,
,zero / no written initial,ie,open,ie,gap,0,0,
,zero / no written initial,ieu,open,ieu,gap,0,0,
,zero / no written initial,iou,open,iou,gap,0,0,
,zero / no written initial,iu,open,iu,gap,0,0,
,zero / no written initial,o,open,o,attested,20,20,五吳吾忤旿娛悮捂郚啎珸蜈
,zero / no written initial,oe,open,oe,attested,20,20,午仵伍迕娪峿悟浯晤梧逜祦
,zero / no written initial,oeu,open,oeu,gap,0,0,
,zero / no written initial,ou,open,ou,attested,2,2,牛𪖐
,zero / no written initial,u,open,u,attested,38,33,于吁羽芋雨禺竽娛栩祤媀㝢
,zero / no written initial,ua,open,ua,gap,0,0,
,zero / no written initial,uae,open,uae,gap,0,0,
,zero / no written initial,ue,open,ue,attested,32,32,宇汙邘杅玗迂盂俁禹釪雩堣
,zero / no written initial,ueo,open,ueo,gap,0,0,
,zero / no written initial,wa,open,wa,gap,0,0,
,zero / no written initial,wae,open,wae,gap,0,0,
,zero / no written initial,yeo,open,yeo,gap,0,0,
,zero / no written initial,yeou,open,yeou,gap,0,0,
zh,zh,aan,n,zhaan,attested,6,6,琖盞醆譠㣶𧣴
zh,zh,aen,n,zhaen,attested,4,4,袒綻䋎𤣆
zh,zh,an,n,zhan,attested,3,3,拃䎒䩆
zh,zh,en,n,zhen,attested,13,13,旃栴嫸醆戰橏燀皽顫䁴䆄𨭖
zh,zh,eon,n,zheon,attested,14,13,樿氈旜饘鸇㔊䎒䡀𠟉𥊳𦗢𩔣
zh,zh,ian,n,zhian,gap,0,0,
zh,zh,ien,n,zhien,attested,30,24,㐱挋唇㖘娠振畛眞敐紾軫塡
zh,zh,in,n,zhin,attested,27,24,侲珍胗屒帪疹眕桭袗診槇甄
zh,zh,n,n,zhn,gap,0,0,
zh,zh,oen,n,zhoen,gap,0,0,
zh,zh,on,n,zhon,gap,0,0,
zh,zh,uaen,n,zhuaen,gap,0,0,
zh,zh,uan,n,zhuan,attested,17,15,孨剬專跧嫥篿顓囀鱄鷒㡒䣩
zh,zh,uen,n,zhuen,attested,18,15,恮湍傳剸鄟膞甎竱諯蟤轉䀬
zh,zh,ueon,n,zhueon,attested,11,9,沌堟傳椽瑑摶篆䧘𦁆
zh,zh,uin,n,zhuin,gap,0,0,
zh,zh,un,n,zhun,attested,19,16,屯肫迍盹窀准純埻惇訰準稕
zh,zh,waan,n,zhwaan,gap,0,0,
zh,zh,waen,n,zhwaen,gap,0,0,
zh,zh,wan,n,zhwan,attested,1,1,跧
zh,zh,woen,n,zhwoen,gap,0,0,
zh,zh,won,n,zhwon,gap,0,0,
zh,zh,wyn,n,zhwyn,gap,0,0,
zh,zh,yeon,n,zhyeon,gap,0,0,
zh,zh,yn,n,zhyn,attested,14,12,紖陣眹陳診趁塵敶䀕䍶䏖𨳌
zh,zh,aam,m,zhaam,attested,3,3,覱𩅼𩈻
zh,zh,aem,m,zhaem,gap,0,0,
zh,zh,am,m,zham,attested,4,4,斬鵮䩇𣳤
zh,zh,em,m,zhem,attested,5,4,站詀蘸𪉜
zh,zh,eom,m,zheom,attested,6,6,偡湛詀譧㴴𧸖
zh,zh,iem,m,zhiem,attested,16,16,厃枮揕戡椹葴詹䪴颭噡瞻簪
zh,zh,im,m,zhim,attested,20,17,旡占㘰坫枕砧針斟瑊碪撍箴
zh,zh,m,m,zhm,gap,0,0,
zh,zh,oem,m,zhoem,gap,0,0,
zh,zh,om,m,zhom,gap,0,0,
zh,zh,ym,m,zhym,attested,18,17,沈沉枕朕栚莐湛鈂霃鴆螣鰧
zh,zh,yom,m,zhyom,gap,0,0,
zh,zh,aang,ng,zhaang,attested,8,7,盯倀偵趟㡧𩏠𩘽
zh,zh,aeng,ng,zhaeng,attested,24,22,杖盯長挰掁場揨棖湞䂻腸噇
zh,zh,ang,ng,zhang,attested,30,27,丁仉朾壯妝張猙莊章脹痮墇
zh,zh,eng,ng,zheng,attested,11,10,政貞湞楨鴊鯖癥䋊䒱𨺟
zh,zh,eong,ng,zheong,gap,0,0,
zh,zh,iaang,ng,zhiaang,gap,0,0,
zh,zh,iang,ng,zhiang,gap,0,0,
zh,zh,ieng,ng,zhieng,gap,0,0,
zh,zh,ing,ng,zhing,attested,12,10,正氶延拯烝眐証鉦𦙫𨢹
zh,zh,iong,ng,zhiong,gap,0,0,
zh,zh,iung,ng,zhiung,gap,0,0,
zh,zh,oeng,ng,zhoeng,attested,13,10,重緟蝩褈穜鮦襱䳯𢝆𨉢
zh,zh,ong,ng,zhong,attested,34,33,伀妐彸忪炂冢䇗蚣衳偅喠堹
zh,zh,uaang,ng,zhuaang,gap,0,0,
zh,zh,ueng,ng,zhueng,attested,10,9,仲沖𦬕盅种翀蟲爞𩿀
zh,zh,ung,ng,zhung,attested,9,7,中𦬕衷鼨䈺𣧩𩅧
zh,zh,waang,ng,zhwaang,gap,0,0,
zh,zh,waeng,ng,zhwaeng,gap,0,0,
zh,zh,wang,ng,zhwang,gap,0,0,
zh,zh,wueng,ng,zhwueng,gap,0,0,
zh,zh,wung,ng,zhwung,gap,0,0,
zh,zh,yang,ng,zhyang,gap,0,0,
zh,zh,yeng,ng,zhyeng,gap,0,0,
zh,zh,yeong,ng,zhyeong,gap,0,0,
zh,zh,yng,ng,zhyng,attested,11,9,呈徎程䇸裎瞪㽀𪑬𪒘
zh,zh,aay,y,zhaay,attested,1,1,債
zh,zh,aey,y,zhaey,attested,3,3,豸廌𧳋
zh,zh,ay,y,zhay,attested,3,3,祭齋𨝋
zh,zh,eoy,y,zheoy,gap,0,0,
zh,zh,ey,y,zhey,attested,3,3,榸瘵𪘨
zh,zh,uy,y,zhuy,gap,0,0,
zh,zh,waay,y,zhwaay,attested,2,2,膪𢕮
zh,zh,waey,y,zhwaey,attested,3,3,尵㧳𩓬
zh,zh,way,y,zhway,attested,1,1,𩬳
zh,zh,wey,y,zhwey,gap,0,0,
zh,zh,wy,y,zhwy,attested,18,14,桘椎腄槌甀硾膇墜縋錘顀懟
zh,zh,y,y,zhy,attested,72,65,池阤杝豸坻岻彽治泜阺峙庤
zh,zh,yay,y,zhyay,gap,0,0,
zh,zh,aaw,w,zhaaw,gap,0,0,
zh,zh,aew,w,zhaew,attested,5,5,䄻棹濯櫂㷹
zh,zh,aw,w,zhaw,attested,28,24,爪抓笊啁罩鳭摷瑵䈇嘲獠罺
zh,zh,eow,w,zheow,attested,17,17,召兆垗狣晁肁旐朝䍮肇趙潮
zh,zh,ew,w,zhew,attested,2,2,朝𦩻
zh,zh,iaew,w,zhiaew,gap,0,0,
zh,zh,iaw,w,zhiaw,gap,0,0,
zh,zh,iew,w,zhiew,gap,0,0,
zh,zh,iw,w,zhiw,gap,0,0,
zh,zh,oew,w,zhoew,gap,0,0,
zh,zh,ow,w,zhow,gap,0,0,
zh,zh,yeow,w,zhyeow,gap,0,0,
zh,zh,aei,i,zhaei,attested,1,1,𦤧
zh,zh,ai,i,zhai,gap,0,0,
zh,zh,i,i,zhi,attested,176,162,夂之支止氏𠂔只氐伎旨至伿
zh,zh,uei,i,zhuei,gap,0,0,
zh,zh,waei,i,zhwaei,gap,0,0,
zh,zh,wai,i,zhwai,gap,0,0,
zh,zh,wi,i,zhwi,attested,25,24,沝隹追娷娺捶惴腄萑箠諈錐
zh,zh,aak,k,zhaak,attested,19,18,杔虴迮窄笮舴蚱馲嘖嫡磔諎
zh,zh,aek,k,zhaek,attested,29,29,宅翟擇澤濁嬥擢檡濯蠌襗鵫
zh,zh,ak,k,zhak,attested,24,24,厇捉桌㧻斮晫棏琢䐁嘖幘摘
zh,zh,ek,k,zhek,attested,23,23,卓咋矺倬啄啅涿責菿債嫧斲
zh,zh,eok,k,zheok,gap,0,0,
zh,zh,iaak,k,zhiaak,gap,0,0,
zh,zh,iak,k,zhiak,gap,0,0,
zh,zh,iek,k,zhiek,gap,0,0,
zh,zh,ik,k,zhik,attested,40,40,夨仄拓炙陟隻側稄跖戠稙萴
zh,zh,iok,k,zhiok,gap,0,0,
zh,zh,iuk,k,zhiuk,gap,0,0,
zh,zh,oek,k,zhoek,gap,0,0,
zh,zh,ok,k,zhok,gap,0,0,
zh,zh,uaak,k,zhuaak,gap,0,0,
zh,zh,uek,k,zhuek,gap,0,0,
zh,zh,uk,k,zhuk,gap,0,0,
zh,zh,waak,k,zhwaak,gap,0,0,
zh,zh,waek,k,zhwaek,gap,0,0,
zh,zh,yeok,k,zhyeok,gap,0,0,
zh,zh,yk,k,zhyk,attested,11,11,直𡸜犆潪擲擿蹢躑䐈䵂𧓸
zh,zh,aach,ch,zhaach,gap,0,0,
zh,zh,ach,ch,zhach,attested,24,24,勺妁彴犳灼芍斫酌斮焯著擆
zh,zh,aech,ch,zhaech,attested,1,1,著
zh,zh,och,ch,zhoch,attested,20,20,属瘃噣燭蠋屬韣囑孎鸀斸欘
zh,zh,oech,ch,zhoech,attested,3,3,蠋躅蠾
zh,zh,uch,ch,zhuch,attested,13,13,竹竺柷祝茿喌琡筑粥築縬𡎺
zh,zh,uech,ch,zhuech,attested,12,12,妯柚舳逐筑軸碡蓫篴𧏿鱁䮱
zh,zh,aat,t,zhaat,attested,12,12,扎札茁娺紮聉蚻窡鵽㱜𠿡𩿤
zh,zh,aet,t,zhaet,gap,0,0,
zh,zh,at,t,zhat,attested,7,7,哳眣窡錣鵽𢧖𧶇
zh,zh,eot,t,zheot,gap,0,0,
zh,zh,et,t,zhet,attested,20,20,折拙炪浙晢晣梲䖦準蝃靼䀿
zh,zh,iat,t,zhiat,gap,0,0,
zh,zh,iet,t,zhiet,gap,0,0,
zh,zh,it,t,zhit,attested,28,26,侄庢挃郅晊桎秷窒蛭銍質劕
zh,zh,oet,t,zhoet,gap,0,0,
zh,zh,ot,t,zhot,gap,0,0,
zh,zh,t,t,zht,gap,0,0,
zh,zh,uet,t,zhuet,attested,3,3,术炢𦬸
zh,zh,ut,t,zhut,attested,11,11,泏茁窋絀逫㑁㤕䂐𠭴𡢑𦦖
zh,zh,waet,t,zhwaet,gap,0,0,
zh,zh,wat,t,zhwat,gap,0,0,
zh,zh,woet,t,zhwoet,gap,0,0,
zh,zh,wot,t,zhwot,gap,0,0,
zh,zh,yeot,t,zhyeot,gap,0,0,
zh,zh,yt,t,zhyt,attested,12,12,妷帙姪柣秩紩翐袠豑𡙮𣗻𧽮
zh,zh,aets,ts,zhaets,gap,0,0,
zh,zh,ats,ts,zhats,attested,14,14,叕茁剟啜悊喆腏畷蜇醊擳瀄
zh,zh,eots,ts,zheots,attested,5,5,徹撤澈轍㯙
zh,zh,ets,ts,zhets,attested,14,14,哲惙掇楖罬綴輟櫛嚞䟾䵵𥠈
zh,zh,aap,p,zhaap,gap,0,0,
zh,zh,aep,p,zhaep,attested,6,6,喋霅擖鞢𠗨𤁳
zh,zh,ap,p,zhap,attested,1,1,譫
zh,zh,eop,p,zheop,gap,0,0,
zh,zh,ep,p,zhep,attested,9,9,眨偛劄㞚䙄䛽𠍹𥀈𧉫
zh,zh,iep,p,zhiep,gap,0,0,
zh,zh,ip,p,zhip,attested,31,30,汁執㗊戢瓡慴摺慹霅濈縶蕺
zh,zh,oep,p,zhoep,gap,0,0,
zh,zh,op,p,zhop,gap,0,0,
zh,zh,p,p,zhp,gap,0,0,
zh,zh,yp,p,zhyp,attested,6,6,俋蟄譶㙷㞏䐲
zh,zh,eov,v,zheov,attested,3,3,殜㙷䐑
zh,zh,ev,v,zhev,attested,8,8,耴㭯輒鮿襵㡇𢬴𦯍
zh,zh,ov,v,zhov,gap,0,0,
zh,zh,aenn,nn,zhaenn,gap,0,0,
zh,zh,ann,nn,zhann,attested,16,15,紾㜊溱潧樼臻轃邅瀙襢驙㞡
zh,zh,enn,nn,zhenn,attested,15,15,展㠭搌搸榛蓁輾皽𩥇鱣𧝑𧤛
zh,zh,eonn,nn,zheonn,attested,13,11,廛緾邅瀍鄽纏躔㙻𧔊𧾍𨷭
zh,zh,onn,nn,zhonn,gap,0,0,
zh,zh,aeyh,h,zhaeyh,gap,0,0,
zh,zh,ah,h,zhah,attested,15,15,炙者柘爹堵嗻樜蔗諸赭遮䗪
zh,zh,ayh,h,zhayh,gap,0,0,
zh,zh,emh,h,zhemh,attested,3,3,沾霑𪏉
zh,zh,eomh,h,zheomh,attested,3,3,誗㶣𪏂
zh,zh,ueh,h,zhueh,attested,26,23,宁佇杼苧茅涂眝竚除屠紵羜
zh,zh,uh,h,zhuh,attested,45,43,沮阻俎渚猪陼菹著詛詝貯煑
zh,zh,r,r,zhr,gap,0,0,
zh,zh,,open,zh,gap,0,0,
zh,zh,a,open,zha,attested,45,40,吒奼厏灹咋抯咤哆奓柤浾痄
zh,zh,aa,open,zhaa,gap,0,0,
zh,zh,ae,open,zhae,attested,17,16,秅茶梌荼䖳塗䣝䅊䠧𡝐𡨀𣘻
zh,zh,au,open,zhau,gap,0,0,
zh,zh,e,open,zhe,attested,19,19,制迣狾晢淛䇽䎺製㝂㿃䀸䩢
zh,zh,eo,open,zheo,attested,7,7,彘滯銐璏蹛𦭮𩻼
zh,zh,eou,open,zheou,gap,0,0,
zh,zh,eu,open,zheu,attested,15,15,招沼昭炤盄釗菬詔照鉊䈃鵃
zh,zh,ia,open,zhia,gap,0,0,
zh,zh,iaeu,open,zhiaeu,gap,0,0,
zh,zh,iau,open,zhiau,gap,0,0,
zh,zh,ie,open,zhie,gap,0,0,
zh,zh,ieu,open,zhieu,attested,22,21,怞冑胄紬棸椆菗葤綢裯幬繇
zh,zh,iou,open,zhiou,gap,0,0,
zh,zh,iu,open,zhiu,attested,30,29,侜呪咮洲祝啁掫晝矪郰喌搊
zh,zh,o,open,zho,gap,0,0,
zh,zh,oe,open,zhoe,gap,0,0,
zh,zh,oeu,open,zhoeu,attested,24,22,伷宙疛紂酎稠駎儔鮋懤鮦燽
zh,zh,ou,open,zhou,attested,29,29,州舟扭肘周帚疛婤郮陬晭棷
zh,zh,u,open,zhu,attested,57,53,丶亍主列朱住侏宔拄枓注咮
zh,zh,ua,open,zhua,gap,0,0,
zh,zh,uae,open,zhuae,gap,0,0,
zh,zh,ue,open,zhue,attested,24,24,卂住柱笍啜逗嵀腏跓牏畷趎
zh,zh,ueo,open,zhueo,attested,1,1,𨮱
zh,zh,wa,open,zhwa,attested,5,5,檛膼髽簻𥬸
zh,zh,wae,open,zhwae,gap,0,0,
zh,zh,yeo,open,zhyeo,gap,0,0,
zh,zh,yeou,open,zhyeou,gap,0,0,
ch,ch,aan,n,chaan,attested,7,7,丳剗鏟羼㦃㺗䐮
ch,ch,aen,n,chaen,gap,0,0,
ch,ch,an,n,chan,attested,6,6,㬄鏟羼㹽㾺䴼
ch,ch,en,n,chen,attested,11,10,硟嘽幝燀繟闡灛䵐𦆀𨼒
ch,ch,eon,n,cheon,gap,0,0,
ch,ch,ian,n,chian,gap,0,0,
ch,ch,ien,n,chien,gap,0,0,
ch,ch,in,n,chin,attested,12,11,疢胂趁嗔瞋縝謓辴䐜𣞟𤣆
ch,ch,n,n,chn,gap,0,0,
ch,ch,oen,n,choen,gap,0,0,
ch,ch,on,n,chon,gap,0,0,
ch,ch,uaen,n,chuaen,gap,0,0,
ch,ch,uan,n,chuan,gap,0,0,
ch,ch,uen,n,chuen,attested,15,13,川舛穿荈剶釧喘猭諯竁鶨灥
ch,ch,ueon,n,chueon,gap,0,0,
ch,ch,uin,n,chuin,gap,0,0,
ch,ch,un,n,chun,attested,19,18,杶春偆惷椿楯瑃僢踳輴櫄鶞
ch,ch,waan,n,chwaan,attested,2,2,㦃𥽽
ch,ch,waen,n,chwaen,gap,0,0,
ch,ch,wan,n,chwan,attested,1,1,篡
ch,ch,woen,n,chwoen,gap,0,0,
ch,ch,won,n,chwon,gap,0,0,
ch,ch,wyn,n,chwyn,gap,0,0,
ch,ch,yeon,n,chyeon,gap,0,0,
ch,ch,yn,n,chyn,gap,0,0,
ch,ch,aam,m,chaam,attested,4,4,儳懺醶𤮭
ch,ch,aem,m,chaem,attested,4,4,摲嚵攙㺖
ch,ch,am,m,cham,attested,21,19,妗琛綝緂槮賝磣瀋襜韂㙴㾆
ch,ch,em,m,chem,attested,4,4,旵䑎䤘𠐩
ch,ch,eom,m,cheom,gap,0,0,
ch,ch,iem,m,chiem,gap,0,0,
ch,ch,im,m,chim,attested,22,20,參梫郴棽墋嵾裧幨踸鍖駸醦
ch,ch,m,m,chm,gap,0,0,
ch,ch,oem,m,choem,gap,0,0,
ch,ch,om,m,chom,attested,2,2,𠑆𨇧
ch,ch,ym,m,chym,gap,0,0,
ch,ch,yom,m,chyom,gap,0,0,
ch,ch,aang,ng,chaang,attested,11,11,牚琤槍樘橕瞠竀鎗鐺㵾䟓
ch,ch,aeng,ng,chaeng,gap,0,0,
ch,ch,ang,ng,chang,attested,36,32,囪昶倀唱猖窓創敞棦琤菖搶
ch,ch,eng,ng,cheng,attested,35,32,昌剏倡凈鬯悵堫琩傸愴滄僘
ch,ch,eong,ng,cheong,gap,0,0,
ch,ch,iaang,ng,chiaang,gap,0,0,
ch,ch,iang,ng,chiang,gap,0,0,
ch,ch,ieng,ng,chieng,gap,0,0,
ch,ch,ing,ng,ching,attested,27,24,虰爯悜秤偁偵庱逞睈睖裎遉
ch,ch,iong,ng,chiong,gap,0,0,
ch,ch,iung,ng,chiung,gap,0,0,
ch,ch,oeng,ng,choeng,gap,0,0,
ch,ch,ong,ng,chong,attested,25,24,埫喠傭憃憧潼衝褈罿艟寵蹱
ch,ch,uaang,ng,chuaang,gap,0,0,
ch,ch,ueng,ng,chueng,gap,0,0,
ch,ch,ung,ng,chung,attested,11,11,充忡㳘盅茺浺珫銃㤝䘪𪎽
ch,ch,waang,ng,chwaang,gap,0,0,
ch,ch,waeng,ng,chwaeng,gap,0,0,
ch,ch,wang,ng,chwang,gap,0,0,
ch,ch,wueng,ng,chwueng,gap,0,0,
ch,ch,wung,ng,chwung,gap,0,0,
ch,ch,yang,ng,chyang,gap,0,0,
ch,ch,yeng,ng,chyeng,gap,0,0,
ch,ch,yeong,ng,chyeong,gap,0,0,
ch,ch,yng,ng,chyng,gap,0,0,
ch,ch,aay,y,chaay,attested,17,16,叉扠杈芆衩差訍釵靫瘥㳗㼮
ch,ch,aey,y,chaey,gap,0,0,
ch,ch,ay,y,chay,attested,5,5,差茝搋㹗䞗
ch,ch,eoy,y,cheoy,gap,0,0,
ch,ch,ey,y,chey,gap,0,0,
ch,ch,uy,y,chuy,gap,0,0,
ch,ch,waay,y,chwaay,gap,0,0,
ch,ch,waey,y,chwaey,gap,0,0,
ch,ch,way,y,chway,attested,1,1,顡
ch,ch,wey,y,chwey,gap,0,0,
ch,ch,wy,y,chwy,gap,0,0,
ch,ch,y,y,chy,gap,0,0,
ch,ch,yay,y,chyay,gap,0,0,
ch,ch,aaw,w,chaaw,gap,0,0,
ch,ch,aew,w,chaew,gap,0,0,
ch,ch,aw,w,chaw,attested,25,23,仯吵抄炒耖觘訬鈔煼嘮趠踔
ch,ch,eow,w,cheow,gap,0,0,
ch,ch,ew,w,chew,attested,4,4,𢁾超䫿𠰉
ch,ch,iaew,w,chiaew,gap,0,0,
ch,ch,iaw,w,chiaw,gap,0,0,
ch,ch,iew,w,chiew,gap,0,0,
ch,ch,iw,w,chiw,attested,4,4,怊欩朓巐
ch,ch,oew,w,choew,gap,0,0,
ch,ch,ow,w,chow,gap,0,0,
ch,ch,yeow,w,chyeow,gap,0,0,
ch,ch,aei,i,chaei,gap,0,0,
ch,ch,ai,i,chai,attested,2,2,慸蠆
ch,ch,i,i,chi,attested,92,85,佁妛杘侈卶哆垑姼恀祉差恥
ch,ch,uei,i,chuei,gap,0,0,
ch,ch,waei,i,chwaei,gap,0,0,
ch,ch,wai,i,chwai,attested,4,4,嘬䴝𠽶𣤌
ch,ch,wi,i,chwi,attested,14,12,夊出吹炊衰推揣蓷㪜㿷䶴𥞃
ch,ch,aak,k,chaak,attested,6,6,㿭𡍩𤖴𧼳𩎚𩑒
ch,ch,aek,k,chaek,gap,0,0,
ch,ch,ak,k,chak,attested,27,27,冊拺柵娕娖笧晫策逴矠筴嫧
ch,ch,ek,k,chek,attested,2,2,𣤩𥛚
ch,ch,eok,k,cheok,gap,0,0,
ch,ch,iaak,k,chiaak,gap,0,0,
ch,ch,iak,k,chiak,gap,0,0,
ch,ch,iek,k,chiek,gap,0,0,
ch,ch,ik,k,chik,attested,18,18,彳赤恜蚇郝荲測滷慗遫趩瀷
ch,ch,iok,k,chiok,gap,0,0,
ch,ch,iuk,k,chiuk,gap,0,0,
ch,ch,oek,k,choek,gap,0,0,
ch,ch,ok,k,chok,gap,0,0,
ch,ch,uaak,k,chuaak,gap,0,0,
ch,ch,uek,k,chuek,gap,0,0,
ch,ch,uk,k,chuk,attested,17,17,尺斥侙勅栻畟敕淔烾惻飭㡿
ch,ch,waak,k,chwaak,gap,0,0,
ch,ch,waek,k,chwaek,gap,0,0,
ch,ch,yeok,k,chyeok,gap,0,0,
ch,ch,yk,k,chyk,gap,0,0,
ch,ch,aach,ch,chaach,attested,3,3,柵簎䜺
ch,ch,ach,ch,chach,attested,10,10,辵㲋婥婼逴綽磭繛蠚𤟭
ch,ch,aech,ch,chaech,gap,0,0,
ch,ch,och,ch,choch,attested,11,11,亍豖㙇梀觕歜臅觸𢒔𥹵𧼙
ch,ch,oech,ch,choech,gap,0,0,
ch,ch,uch,ch,chuch,attested,21,20,柷苖俶敊埱珿荲傗琡滀鄐蓄
ch,ch,uech,ch,chuech,gap,0,0,
ch,ch,aat,t,chaat,attested,7,7,詧察䕓𣘤𥉻𩴳𪙻
ch,ch,aet,t,chaet,gap,0,0,
ch,ch,at,t,chat,attested,7,7,刹獺㔍䓭䫄䵵𤁫
ch,ch,eot,t,cheot,gap,0,0,
ch,ch,et,t,chet,attested,5,4,啜掣瘛歠
ch,ch,iat,t,chiat,gap,0,0,
ch,ch,iet,t,chiet,gap,0,0,
ch,ch,it,t,chit,attested,5,5,叱抶咥眣跮
ch,ch,oet,t,choet,gap,0,0,
ch,ch,ot,t,chot,gap,0,0,
ch,ch,t,t,cht,gap,0,0,
ch,ch,uet,t,chuet,gap,0,0,
ch,ch,ut,t,chut,attested,9,9,出怵欪炪黜㤕䟣𤝞𧺶
ch,ch,waet,t,chwaet,gap,0,0,
ch,ch,wat,t,chwat,gap,0,0,
ch,ch,woet,t,chwoet,gap,0,0,
ch,ch,wot,t,chwot,gap,0,0,
ch,ch,yeot,t,chyeot,gap,0,0,
ch,ch,yt,t,chyt,gap,0,0,
ch,ch,aets,ts,chaets,gap,0,0,
ch,ch,ats,ts,chats,gap,0,0,
ch,ch,eots,ts,cheots,gap,0,0,
ch,ch,ets,ts,chets,attested,13,13,屮聅硩徹撤㓼㔍䒆䚢䜉𠞩𤿫
ch,ch,aap,p,chaap,gap,0,0,
ch,ch,aep,p,chaep,gap,0,0,
ch,ch,ap,p,chap,attested,5,5,𤜯笈喢鍤𥃐
ch,ch,eop,p,cheop,gap,0,0,
ch,ch,ep,p,chep,attested,6,6,扱臿插疀㛼㷅
ch,ch,iep,p,chiep,gap,0,0,
ch,ch,ip,p,chip,attested,17,17,㤴喢湁詀斟雴漐謵㚲㞚㳧䙄
ch,ch,oep,p,choep,gap,0,0,
ch,ch,op,p,chop,gap,0,0,
ch,ch,p,p,chp,gap,0,0,
ch,ch,yp,p,chyp,gap,0,0,
ch,ch,eov,v,cheov,gap,0,0,
ch,ch,ev,v,chev,attested,6,6,㤴煠锸䈎𥯥𩂻
ch,ch,ov,v,chov,attested,1,1,𦑣
ch,ch,aenn,nn,chaenn,gap,0,0,
ch,ch,ann,nn,chann,attested,8,8,脠蕆儭嚫鏈櫬䞋𨩪
ch,ch,enn,nn,chenn,attested,11,9,梴搌齔瀙襯㢟䩶𣃘𧈪
ch,ch,eonn,nn,cheonn,gap,0,0,
ch,ch,onn,nn,chonn,gap,0,0,
ch,ch,aeyh,h,chaeyh,gap,0,0,
ch,ch,ah,h,chah,attested,9,9,斥車哆硨䞣撦奲㨋䰩
ch,ch,ayh,h,chayh,gap,0,0,
ch,ch,emh,h,chemh,attested,6,5,覘諂讇䀡𡝫
ch,ch,eomh,h,cheomh,gap,0,0,
ch,ch,ueh,h,chueh,gap,0,0,
ch,ch,uh,h,chuh,attested,26,24,初杵柠悇處楮絮楚筡摴褚儊
ch,ch,r,r,chr,gap,0,0,
ch,ch,,open,ch,gap,0,0,
ch,ch,a,open,cha,attested,22,21,叉奼汊岔杈侘哆差䟕靫詫艖
ch,ch,aa,open,chaa,gap,0,0,
ch,ch,ae,open,chae,gap,0,0,
ch,ch,au,open,chau,gap,0,0,
ch,ch,e,open,che,attested,20,20,掣揥跇傺痸銐慸瘛懘㑜䀸䚢
ch,ch,eo,open,cheo,gap,0,0,
ch,ch,eou,open,cheou,gap,0,0,
ch,ch,eu,open,cheu,attested,7,6,弨怊眧楢麨𪍑
ch,ch,ia,open,chia,gap,0,0,
ch,ch,iaeu,open,chiaeu,gap,0,0,
ch,ch,iau,open,chiau,gap,0,0,
ch,ch,ie,open,chie,gap,0,0,
ch,ch,ieu,open,chieu,gap,0,0,
ch,ch,iou,open,chiou,gap,0,0,
ch,ch,iu,open,chiu,gap,0,0,
ch,ch,o,open,cho,gap,0,0,
ch,ch,oe,open,choe,gap,0,0,
ch,ch,oeu,open,choeu,gap,0,0,
ch,ch,ou,open,chou,attested,32,32,丑妯抽杻杽俞畜臭婤惆搊殠
ch,ch,u,open,chu,attested,14,14,姝芻菆袾犓樞貙䇬䐢䜴䦌𢨸
ch,ch,ua,open,chua,gap,0,0,
ch,ch,uae,open,chuae,gap,0,0,
ch,ch,ue,open,chue,attested,4,4,毳竁㯔𣃍
ch,ch,ueo,open,chueo,gap,0,0,
ch,ch,wa,open,chwa,attested,2,2,䂳䊬
ch,ch,wae,open,chwae,gap,0,0,
ch,ch,yeo,open,chyeo,gap,0,0,
ch,ch,yeou,open,chyeou,gap,0,0,
sh,sh,aan,n,shaan,attested,13,13,山汕邖疝産嵼摌滻簅㦃㹌𥽽
sh,sh,aen,n,shaen,gap,0,0,
sh,sh,an,n,shan,attested,13,10,汕刪疝柵狦訕潸䴮𣧱𦌔
sh,sh,en,n,shen,attested,17,15,埏扇挻傓脠煽㜣羶鯅㒄䁴䘰
sh,sh,eon,n,sheon,gap,0,0,
sh,sh,ian,n,shian,gap,0,0,
sh,sh,ien,n,shien,gap,0,0,
sh,sh,in,n,shin,attested,27,26,申阠伸弞身呻抻矤哂柛矧胂
sh,sh,n,n,shn,gap,0,0,
sh,sh,oen,n,shoen,gap,0,0,
sh,sh,on,n,shon,gap,0,0,
sh,sh,uaen,n,shuaen,gap,0,0,
sh,sh,uan,n,shuan,gap,0,0,
sh,sh,uen,n,shuen,attested,6,5,栓舩船㝈𨏉
sh,sh,ueon,n,shueon,gap,0,0,
sh,sh,uin,n,shuin,gap,0,0,
sh,sh,un,n,shun,attested,20,19,吮盾紃眴脣揗舜順楯漘瞚蕣
sh,sh,waan,n,shwaan,gap,0,0,
sh,sh,waen,n,shwaen,gap,0,0,
sh,sh,wan,n,shwan,attested,3,3,涮㝈𣠯
sh,sh,woen,n,shwoen,gap,0,0,
sh,sh,won,n,shwon,gap,0,0,
sh,sh,wyn,n,shwyn,gap,0,0,
sh,sh,yeon,n,shyeon,gap,0,0,
sh,sh,yn,n,shyn,gap,0,0,
sh,sh,aam,m,shaam,attested,13,13,彡㣌芟衫髟釤穇縿纔㨻㺑䀐
sh,sh,aem,m,shaem,gap,0,0,
sh,sh,am,m,sham,attested,1,1,㶒
sh,sh,em,m,shem,attested,15,13,杉摻檆醦攕櫼㺑䀐𧀵𨏪𩁺𩃔
sh,sh,eom,m,sheom,gap,0,0,
sh,sh,iem,m,shiem,gap,0,0,
sh,sh,im,m,shim,attested,26,23,沈穼苫宷痁閃掞深棽煔罧審
sh,sh,m,m,shm,gap,0,0,
sh,sh,oem,m,shoem,gap,0,0,
sh,sh,om,m,shom,gap,0,0,
sh,sh,ym,m,shym,attested,24,23,邥陝參淰森睒葚滲槮瘮曑瞫
sh,sh,yom,m,shyom,gap,0,0,
sh,sh,aang,ng,shaang,attested,22,20,生狌牲珄省眚笙渻猩甥貹鉎
sh,sh,aeng,ng,shaeng,gap,0,0,
sh,sh,ang,ng,shang,attested,30,26,商湯塽慯漺蔏賞曏霜蟓觴雙
sh,sh,eng,ng,sheng,attested,28,25,向珦淙爽傷塲禓餉樉殤螪瀧
sh,sh,eong,ng,sheong,gap,0,0,
sh,sh,iaang,ng,shiaang,gap,0,0,
sh,sh,iang,ng,shiang,gap,0,0,
sh,sh,ieng,ng,shieng,gap,0,0,
sh,sh,ing,ng,shing,attested,32,28,升抍昇乗㱡陞剰勝椉塍塖媵
sh,sh,iong,ng,shiong,gap,0,0,
sh,sh,iung,ng,shiung,gap,0,0,
sh,sh,oeng,ng,shoeng,gap,0,0,
sh,sh,ong,ng,shong,attested,6,6,舂摏憃蹖𧐍𪄻
sh,sh,uaang,ng,shuaang,gap,0,0,
sh,sh,ueng,ng,shueng,gap,0,0,
sh,sh,ung,ng,shung,gap,0,0,
sh,sh,waang,ng,shwaang,gap,0,0,
sh,sh,waeng,ng,shwaeng,gap,0,0,
sh,sh,wang,ng,shwang,gap,0,0,
sh,sh,wueng,ng,shwueng,gap,0,0,
sh,sh,wung,ng,shwung,gap,0,0,
sh,sh,yang,ng,shyang,gap,0,0,
sh,sh,yeng,ng,shyeng,gap,0,0,
sh,sh,yeong,ng,shyeong,gap,0,0,
sh,sh,yng,ng,shyng,gap,0,0,
sh,sh,aay,y,shaay,attested,6,6,汛諰灑曬䵘𨢦
sh,sh,aey,y,shaey,attested,5,5,洒崽籭躧𩌦
sh,sh,ay,y,shay,attested,6,6,殺崽閷鎩𥳧𧜁
sh,sh,eoy,y,sheoy,gap,0,0,
sh,sh,ey,y,shey,gap,0,0,
sh,sh,uy,y,shuy,gap,0,0,
sh,sh,waay,y,shwaay,gap,0,0,
sh,sh,waey,y,shwaey,gap,0,0,
sh,sh,way,y,shway,gap,0,0,
sh,sh,wey,y,shwey,gap,0,0,
sh,sh,wy,y,shwy,gap,0,0,
sh,sh,y,y,shy,gap,0,0,
sh,sh,yay,y,shyay,gap,0,0,
sh,sh,aaw,w,shaaw,gap,0,0,
sh,sh,aew,w,shaew,gap,0,0,
sh,sh,aw,w,shaw,attested,13,12,娋弰莦稍筲蛸鞘颵䘯𡡏𦓴𨛍
sh,sh,eow,w,sheow,gap,0,0,
sh,sh,ew,w,shew,attested,12,12,捎梢揱旓綃輎潲䈰髾鮹𢾐𣕇
sh,sh,iaew,w,shiaew,gap,0,0,
sh,sh,iaw,w,shiaw,gap,0,0,
sh,sh,iew,w,shiew,gap,0,0,
sh,sh,iw,w,shiw,gap,0,0,
sh,sh,oew,w,shoew,gap,0,0,
sh,sh,ow,w,show,gap,0,0,
sh,sh,yeow,w,shyeow,gap,0,0,
sh,sh,aei,i,shaei,gap,0,0,
sh,sh,ai,i,shai,attested,1,1,𠱡
sh,sh,i,i,shi,attested,106,93,尸史矢示弛阤豕使卶呞始俟
sh,sh,uei,i,shuei,gap,0,0,
sh,sh,waei,i,shwaei,gap,0,0,
sh,sh,wai,i,shwai,gap,0,0,
sh,sh,wi,i,shwi,attested,10,10,水帥衰率榱㽷䪎䭨𤸬𥤼
sh,sh,aak,k,shaak,gap,0,0,
sh,sh,aek,k,shaek,gap,0,0,
sh,sh,ak,k,shak,attested,14,14,栜揱嗽愬槊數箾𦂗擌虩㮶䪂
sh,sh,ek,k,shek,attested,13,13,拺朔索欶矟溹摵蒴㳻㾊䨛𡩡
sh,sh,eok,k,sheok,gap,0,0,
sh,sh,iaak,k,shiaak,gap,0,0,
sh,sh,iak,k,shiak,gap,0,0,
sh,sh,iek,k,shiek,gap,0,0,
sh,sh,ik,k,shik,attested,23,23,式拭食晹睗軾鉽嬙懎檡螫繬
sh,sh,iok,k,shiok,gap,0,0,
sh,sh,iuk,k,shiuk,gap,0,0,
sh,sh,oek,k,shoek,gap,0,0,
sh,sh,ok,k,shok,attested,22,22,色冟射烒郝嗇飾蝕奭適濇薔
sh,sh,uaak,k,shuaak,gap,0,0,
sh,sh,uek,k,shuek,gap,0,0,
sh,sh,uk,k,shuk,gap,0,0,
sh,sh,waak,k,shwaak,gap,0,0,
sh,sh,waek,k,shwaek,gap,0,0,
sh,sh,yeok,k,shyeok,gap,0,0,
sh,sh,yk,k,shyk,gap,0,0,
sh,sh,aach,ch,shaach,attested,6,6,索溹䂹䞽𡩡𥻨
sh,sh,ach,ch,shach,attested,7,7,獡㜰爍爚鑠䁻䟏
sh,sh,aech,ch,shaech,gap,0,0,
sh,sh,och,ch,shoch,attested,5,5,束贖㑛䴰𩌮
sh,sh,oech,ch,shoech,gap,0,0,
sh,sh,uch,ch,shuch,attested,26,26,尗叔倐掓莤透菽翛摍摵㩋樎
sh,sh,uech,ch,shuech,gap,0,0,
sh,sh,aat,t,shaat,attested,7,7,帴殺煞榝蔱鎩𣻑
sh,sh,aet,t,shaet,gap,0,0,
sh,sh,at,t,shat,attested,1,1,刷
sh,sh,eot,t,sheot,gap,0,0,
sh,sh,et,t,shet,attested,7,7,舌設揲蛥說蔎鞨
sh,sh,iat,t,shiat,gap,0,0,
sh,sh,iet,t,shiet,gap,0,0,
sh,sh,it,t,shit,attested,4,4,失室實𩋡
sh,sh,oet,t,shoet,gap,0,0,
sh,sh,ot,t,shot,gap,0,0,
sh,sh,t,t,sht,gap,0,0,
sh,sh,uet,t,shuet,gap,0,0,
sh,sh,ut,t,shut,attested,21,21,术沭咰帥述秫率術袕噊潏蟀
sh,sh,waet,t,shwaet,gap,0,0,
sh,sh,wat,t,shwat,gap,0,0,
sh,sh,woet,t,shwoet,gap,0,0,
sh,sh,wot,t,shwot,gap,0,0,
sh,sh,yeot,t,shyeot,gap,0,0,
sh,sh,yt,t,shyt,gap,0,0,
sh,sh,aets,ts,shaets,gap,0,0,
sh,sh,ats,ts,shats,attested,5,5,刷蝨飋㕞𠴪
sh,sh,eots,ts,sheots,gap,0,0,
sh,sh,ets,ts,shets,attested,6,6,瑟摋璱蟋𠻜𦆄
sh,sh,aap,p,shaap,attested,4,4,啑翜㞚䬊
sh,sh,aep,p,shaep,attested,4,4,帹翣𧲌𧻵
sh,sh,ap,p,shap,gap,0,0,
sh,sh,eop,p,sheop,gap,0,0,
sh,sh,ep,p,shep,attested,7,7,喢萐歃箑䈉霎𧳛
sh,sh,iep,p,shiep,gap,0,0,
sh,sh,ip,p,ship,attested,19,19,弽鈒雭溼翜葉歰澁歙濇澀濕
sh,sh,oep,p,shoep,gap,0,0,
sh,sh,op,p,shop,gap,0,0,
sh,sh,p,p,shp,gap,0,0,
sh,sh,yp,p,shyp,gap,0,0,
sh,sh,eov,v,sheov,gap,0,0,
sh,sh,ev,v,shev,attested,6,6,喢萐歃㰼箑霎
sh,sh,ov,v,shov,gap,0,0,
sh,sh,aenn,nn,shaenn,gap,0,0,
sh,sh,ann,nn,shann,gap,0,0,
sh,sh,enn,nn,shenn,attested,20,20,屾扟阠侁姺籸甡莘兟詵燊駪
sh,sh,eonn,nn,sheonn,gap,0,0,
sh,sh,onn,nn,shonn,gap,0,0,
sh,sh,aeyh,h,shaeyh,gap,0,0,
sh,sh,ah,h,shah,attested,20,19,舍舎厙虵射奢捨涻荼蛇赦畲
sh,sh,ayh,h,shayh,gap,0,0,
sh,sh,emh,h,shemh,attested,1,1,襳
sh,sh,eomh,h,sheomh,gap,0,0,
sh,sh,ueh,h,shueh,gap,0,0,
sh,sh,uh,h,shuh,attested,41,38,疋抒所杼恕捒書紓庶梳暑舒
sh,sh,r,r,shr,gap,0,0,
sh,sh,,open,sh,gap,0,0,
sh,sh,a,open,sha,attested,8,7,沙砂嗄魦髿𦔯𩊮
sh,sh,aa,open,shaa,attested,7,7,紗桬硰裟鯊灑㲚
sh,sh,ae,open,shae,gap,0,0,
sh,sh,au,open,shau,gap,0,0,
sh,sh,e,open,she,attested,6,6,丗貰勢蔱鎩㡜
sh,sh,eo,open,sheo,gap,0,0,
sh,sh,eou,open,sheou,gap,0,0,
sh,sh,eu,open,sheu,attested,7,5,少燒䒚𤬖𨙹
sh,sh,ia,open,shia,gap,0,0,
sh,sh,iaeu,open,shiaeu,gap,0,0,
sh,sh,iau,open,shiau,gap,0,0,
sh,sh,ie,open,shie,gap,0,0,
sh,sh,ieu,open,shieu,gap,0,0,
sh,sh,iou,open,shiou,gap,0,0,
sh,sh,iu,open,shiu,gap,0,0,
sh,sh,o,open,sho,attested,17,15,守收捜漱瘦𦺋鏉䐹䗏䬒䮟𢯱
sh,sh,oe,open,shoe,gap,0,0,
sh,sh,oeu,open,shoeu,gap,0,0,
sh,sh,ou,open,shou,attested,17,15,手狩首𩠐廋獀蒐犙獸䤇䤹䭭
sh,sh,u,open,shu,attested,20,16,戍捒鄃隃毹腧數螋輸橾籔㡏
sh,sh,ua,open,shua,gap,0,0,
sh,sh,uae,open,shuae,gap,0,0,
sh,sh,ue,open,shue,attested,10,10,帨涗稅蛻裞說䬽䭨𠻜𢄢
sh,sh,ueo,open,shueo,gap,0,0,
sh,sh,wa,open,shwa,attested,5,4,傻葰誜𧫝
sh,sh,wae,open,shwae,gap,0,0,
sh,sh,yeo,open,shyeo,gap,0,0,
sh,sh,yeou,open,shyeou,gap,0,0,
nh,nh,aan,n,nhaan,attested,2,2,嘫㬮
nh,nh,aen,n,nhaen,gap,0,0,
nh,nh,an,n,nhan,attested,4,4,赧戁㫱𩈶
nh,nh,en,n,nhen,gap,0,0,
nh,nh,eon,n,nheon,gap,0,0,
nh,nh,ian,n,nhian,gap,0,0,
nh,nh,ien,n,nhien,gap,0,0,
nh,nh,in,n,nhin,attested,1,1,紉
nh,nh,n,n,nhn,gap,0,0,
nh,nh,oen,n,nhoen,gap,0,0,
nh,nh,on,n,nhon,gap,0,0,
nh,nh,uaen,n,nhuaen,gap,0,0,
nh,nh,uan,n,nhuan,gap,0,0,
nh,nh,uen,n,nhuen,gap,0,0,
nh,nh,ueon,n,nhueon,gap,0,0,
nh,nh,uin,n,nhuin,gap,0,0,
nh,nh,un,n,nhun,gap,0,0,
nh,nh,waan,n,nhwaan,gap,0,0,
nh,nh,waen,n,nhwaen,gap,0,0,
nh,nh,wan,n,nhwan,attested,2,1,奻
nh,nh,woen,n,nhwoen,gap,0,0,
nh,nh,won,n,nhwon,gap,0,0,
nh,nh,wyn,n,nhwyn,gap,0,0,
nh,nh,yeon,n,nhyeon,gap,0,0,
nh,nh,yn,n,nhyn,gap,0,0,
nh,nh,aam,m,nhaam,gap,0,0,
nh,nh,aem,m,nhaem,gap,0,0,
nh,nh,am,m,nham,gap,0,0,
nh,nh,em,m,nhem,attested,6,5,淰喃諵𦊔𦌫
nh,nh,eom,m,nheom,gap,0,0,
nh,nh,iem,m,nhiem,gap,0,0,
nh,nh,im,m,nhim,attested,5,5,拰賃䋻鵀䛘
nh,nh,m,m,nhm,gap,0,0,
nh,nh,oem,m,nhoem,gap,0,0,
nh,nh,om,m,nhom,gap,0,0,
nh,nh,ym,m,nhym,gap,0,0,
nh,nh,yom,m,nhyom,gap,0,0,
nh,nh,aang,ng,nhaang,attested,7,7,獰檸鬤㲰𠽽𥣗𧂘
nh,nh,aeng,ng,nhaeng,gap,0,0,
nh,nh,ang,ng,nhang,attested,13,12,娘涳瓤鑏鬞釀鬡鑲䭢𣰊𨑊𩟊
nh,nh,eng,ng,nheng,attested,6,6,儜噥薴孃䖆𥽬
nh,nh,eong,ng,nheong,gap,0,0,
nh,nh,iaang,ng,nhiaang,gap,0,0,
nh,nh,iang,ng,nhiang,gap,0,0,
nh,nh,ieng,ng,nhieng,gap,0,0,
nh,nh,ing,ng,nhing,attested,6,6,嬣𧭈攮䁸𦗳𪆯
nh,nh,iong,ng,nhiong,gap,0,0,
nh,nh,iung,ng,nhiung,gap,0,0,
nh,nh,oeng,ng,nhoeng,gap,0,0,
nh,nh,ong,ng,nhong,attested,5,5,𢫨濃醲𨑊𪒬
nh,nh,uaang,ng,nhuaang,gap,0,0,
nh,nh,ueng,ng,nhueng,gap,0,0,
nh,nh,ung,ng,nhung,attested,4,4,檂穠襛𨲳
nh,nh,waang,ng,nhwaang,gap,0,0,
nh,nh,waeng,ng,nhwaeng,gap,0,0,
nh,nh,wang,ng,nhwang,gap,0,0,
nh,nh,wueng,ng,nhwueng,gap,0,0,
nh,nh,wung,ng,nhwung,gap,0,0,
nh,nh,yang,ng,nhyang,gap,0,0,
nh,nh,yeng,ng,nhyeng,gap,0,0,
nh,nh,yeong,ng,nhyeong,gap,0,0,
nh,nh,yng,ng,nhyng,gap,0,0,
nh,nh,aay,y,nhaay,attested,5,5,掜誽嬭㚷䍲
nh,nh,aey,y,nhaey,gap,0,0,
nh,nh,ay,y,nhay,attested,2,2,摨褹
nh,nh,eoy,y,nheoy,gap,0,0,
nh,nh,ey,y,nhey,gap,0,0,
nh,nh,uy,y,nhuy,gap,0,0,
nh,nh,waay,y,nhwaay,gap,0,0,
nh,nh,waey,y,nhwaey,gap,0,0,
nh,nh,way,y,nhway,gap,0,0,
nh,nh,wey,y,nhwey,gap,0,0,
nh,nh,wy,y,nhwy,gap,0,0,
nh,nh,y,y,nhy,gap,0,0,
nh,nh,yay,y,nhyay,gap,0,0,
nh,nh,aaw,w,nhaaw,gap,0,0,
nh,nh,aew,w,nhaew,gap,0,0,
nh,nh,aw,w,nhaw,attested,8,8,呶怓撓鐃獿㺒㺜𥗰
nh,nh,eow,w,nheow,gap,0,0,
nh,nh,ew,w,nhew,attested,8,8,淖閙橈譊䴃𠆴𡽧𣳦
nh,nh,iaew,w,nhiaew,gap,0,0,
nh,nh,iaw,w,nhiaw,gap,0,0,
nh,nh,iew,w,nhiew,gap,0,0,
nh,nh,iw,w,nhiw,gap,0,0,
nh,nh,oew,w,nhoew,gap,0,0,
nh,nh,ow,w,nhow,gap,0,0,
nh,nh,yeow,w,nhyeow,gap,0,0,
nh,nh,aei,i,nhaei,gap,0,0,
nh,nh,ai,i,nhai,gap,0,0,
nh,nh,i,i,nhi,attested,18,17,尼伱呢怩抳狔柅旎蚭跜膩聻
nh,nh,uei,i,nhuei,gap,0,0,
nh,nh,waei,i,nhwaei,gap,0,0,
nh,nh,wai,i,nhwai,gap,0,0,
nh,nh,wi,i,nhwi,attested,3,3,諉㢻㨅
nh,nh,aak,k,nhaak,gap,0,0,
nh,nh,aek,k,nhaek,gap,0,0,
nh,nh,ak,k,nhak,attested,5,5,掉眲䭆𧢺𧣺
nh,nh,ek,k,nhek,attested,4,4,疒搙搦䚥
nh,nh,eok,k,nheok,gap,0,0,
nh,nh,iaak,k,nhiaak,gap,0,0,
nh,nh,iak,k,nhiak,gap,0,0,
nh,nh,iek,k,nhiek,gap,0,0,
nh,nh,ik,k,nhik,attested,6,6,恧匿㥾𧈟𧏾𩺱
nh,nh,iok,k,nhiok,gap,0,0,
nh,nh,iuk,k,nhiuk,gap,0,0,
nh,nh,oek,k,nhoek,gap,0,0,
nh,nh,ok,k,nhok,gap,0,0,
nh,nh,uaak,k,nhuaak,gap,0,0,
nh,nh,uek,k,nhuek,gap,0,0,
nh,nh,uk,k,nhuk,gap,0,0,
nh,nh,waak,k,nhwaak,attested,2,2,搦蹃
nh,nh,waek,k,nhwaek,gap,0,0,
nh,nh,yeok,k,nhyeok,gap,0,0,
nh,nh,yk,k,nhyk,gap,0,0,
nh,nh,aach,ch,nhaach,gap,0,0,
nh,nh,ach,ch,nhach,attested,3,3,逽蹃𨵫
nh,nh,aech,ch,nhaech,gap,0,0,
nh,nh,och,ch,nhoch,gap,0,0,
nh,nh,oech,ch,nhoech,gap,0,0,
nh,nh,uch,ch,nhuch,attested,8,8,忸沑肭恧衄䂇䖡𦗂
nh,nh,uech,ch,nhuech,gap,0,0,
nh,nh,aat,t,nhaat,attested,7,7,肭痆豽貀㕯𤷈𧞍
nh,nh,aet,t,nhaet,gap,0,0,
nh,nh,at,t,nhat,attested,3,3,妠袦𤬷
nh,nh,eot,t,nheot,gap,0,0,
nh,nh,et,t,nhet,gap,0,0,
nh,nh,iat,t,nhiat,gap,0,0,
nh,nh,iet,t,nhiet,gap,0,0,
nh,nh,it,t,nhit,attested,7,7,昵衵暱㥾䘌䵑䵒
nh,nh,oet,t,nhoet,gap,0,0,
nh,nh,ot,t,nhot,gap,0,0,
nh,nh,t,t,nht,gap,0,0,
nh,nh,uet,t,nhuet,gap,0,0,
nh,nh,ut,t,nhut,gap,0,0,
nh,nh,waet,t,nhwaet,gap,0,0,
nh,nh,wat,t,nhwat,gap,0,0,
nh,nh,woet,t,nhwoet,gap,0,0,
nh,nh,wot,t,nhwot,gap,0,0,
nh,nh,yeot,t,nhyeot,gap,0,0,
nh,nh,yt,t,nhyt,gap,0,0,
nh,nh,aets,ts,nhaets,gap,0,0,
nh,nh,ats,ts,nhats,gap,0,0,
nh,nh,eots,ts,nheots,gap,0,0,
nh,nh,ets,ts,nhets,attested,1,1,呐
nh,nh,aap,p,nhaap,gap,0,0,
nh,nh,aep,p,nhaep,gap,0,0,
nh,nh,ap,p,nhap,gap,0,0,
nh,nh,eop,p,nheop,gap,0,0,
nh,nh,ep,p,nhep,attested,4,4,㑳㗙㘝𡤙
nh,nh,iep,p,nhiep,gap,0,0,
nh,nh,ip,p,nhip,attested,5,5,𣲷孨㘝㵫𦮾
nh,nh,oep,p,nhoep,gap,0,0,
nh,nh,op,p,nhop,gap,0,0,
nh,nh,p,p,nhp,gap,0,0,
nh,nh,yp,p,nhyp,gap,0,0,
nh,nh,eov,v,nheov,gap,0,0,
nh,nh,ev,v,nhev,attested,15,15,帇睪踂聶籋𣀳躡鑷㚔㸎䌜䳖
nh,nh,ov,v,nhov,attested,3,3,䎎𡷝𣹵
nh,nh,aenn,nn,nhaenn,gap,0,0,
nh,nh,ann,nn,nhann,gap,0,0,
nh,nh,enn,nn,nhenn,attested,5,5,趁碾輾𠬝𨋚
nh,nh,eonn,nn,nheonn,gap,0,0,
nh,nh,onn,nn,nhonn,gap,0,0,
nh,nh,aeyh,h,nhaeyh,gap,0,0,
nh,nh,ah,h,nhah,gap,0,0,
nh,nh,ayh,h,nhayh,gap,0,0,
nh,nh,emh,h,nhemh,attested,3,3,粘黏䬯
nh,nh,eomh,h,nheomh,gap,0,0,
nh,nh,ueh,h,nhueh,gap,0,0,
nh,nh,uh,h,nhuh,gap,0,0,
nh,nh,r,r,nhr,gap,0,0,
nh,nh,,open,nh,gap,0,0,
nh,nh,a,open,nha,attested,9,9,拏挐笯詉摣蒘䋈𧘽𧦮
nh,nh,aa,open,nhaa,gap,0,0,
nh,nh,ae,open,nhae,gap,0,0,
nh,nh,au,open,nhau,attested,8,7,狃杻紐糅䏔𠘯𩚖
nh,nh,e,open,nhe,gap,0,0,
nh,nh,eo,open,nheo,gap,0,0,
nh,nh,eou,open,nheou,gap,0,0,
nh,nh,eu,open,nheu,gap,0,0,
nh,nh,ia,open,nhia,gap,0,0,
nh,nh,iaeu,open,nhiaeu,gap,0,0,
nh,nh,iau,open,nhiau,gap,0,0,
nh,nh,ie,open,nhie,gap,0,0,
nh,nh,ieu,open,nhieu,gap,0,0,
nh,nh,iou,open,nhiou,gap,0,0,
nh,nh,iu,open,nhiu,gap,0,0,
nh,nh,o,open,nho,attested,4,4,帤絮袽𣭠
nh,nh,oe,open,nhoe,gap,0,0,
nh,nh,oeu,open,nhoeu,gap,0,0,
nh,nh,ou,open,nhou,attested,8,7,扭莥猱鈕腬𢔟𨙺
nh,nh,u,open,nhu,attested,6,5,女籹挐蒘𣖹
nh,nh,ua,open,nhua,gap,0,0,
nh,nh,uae,open,nhuae,gap,0,0,
nh,nh,ue,open,nhue,gap,0,0,
nh,nh,ueo,open,nhueo,gap,0,0,
nh,nh,wa,open,nhwa,gap,0,0,
nh,nh,wae,open,nhwae,gap,0,0,
nh,nh,yeo,open,nhyeo,gap,0,0,
nh,nh,yeou,open,nhyeou,gap,0,0,
b,b,aan,n,baan,attested,3,3,扮斒虨
b,b,aen,n,baen,attested,8,8,釆阪昄魬辦辨瓣𥌊
b,b,an,n,ban,attested,19,19,扳昄朌板版瓪班般斑鈑斒頒
b,b,en,n,ben,gap,0,0,
b,b,eon,n,beon,gap,0,0,
b,b,ian,n,bian,attested,6,6,揙辡箯褊變䁵
b,b,ien,n,bien,attested,7,7,編鴘鞭覸鯾鯿㦚
b,b,in,n,bin,attested,57,52,汃份邠攽玢扁砏匾彬徧惼斌
b,b,n,n,bn,gap,0,0,
b,b,oen,n,boen,gap,0,0,
b,b,on,n,bon,gap,0,0,
b,b,uaen,n,buaen,gap,0,0,
b,b,uan,n,buan,gap,0,0,
b,b,uen,n,buen,gap,0,0,
b,b,ueon,n,bueon,gap,0,0,
b,b,uin,n,buin,gap,0,0,
b,b,un,n,bun,gap,0,0,
b,b,waan,n,bwaan,gap,0,0,
b,b,waen,n,bwaen,gap,0,0,
b,b,wan,n,bwan,gap,0,0,
b,b,woen,n,bwoen,gap,0,0,
b,b,won,n,bwon,gap,0,0,
b,b,wyn,n,bwyn,gap,0,0,
b,b,yeon,n,byeon,attested,34,30,卞平弁匥忭抃汴拚便扁昪笲
b,b,yn,n,byn,attested,39,37,牝玭扁胼貧猵琕楄賆跰軿艑
b,b,aam,m,baam,gap,0,0,
b,b,aem,m,baem,attested,3,3,埿湴𨂝
b,b,am,m,bam,gap,0,0,
b,b,em,m,bem,gap,0,0,
b,b,eom,m,beom,gap,0,0,
b,b,iem,m,biem,attested,6,5,砭窆貶𥑁𦥘
b,b,im,m,bim,attested,1,1,稟
b,b,m,m,bm,gap,0,0,
b,b,oem,m,boem,gap,0,0,
b,b,om,m,bom,gap,0,0,
b,b,ym,m,bym,gap,0,0,
b,b,yom,m,byom,gap,0,0,
b,b,aang,ng,baang,attested,28,26,丙兵怲秉邴昞柄炳祊苪浜窉
b,b,aeng,ng,baeng,attested,30,26,庄彷房玤蚌傍棒棓棚徬蒡蜯
b,b,ang,ng,bang,attested,15,14,拼捠浜絣搒蒡螃幫謗㨍𢆸𣮧
b,b,eng,ng,beng,attested,13,13,邦垹舫迸梆榜牓縍繃鞤䑫䰃
b,b,eong,ng,beong,gap,0,0,
b,b,iaang,ng,biaang,gap,0,0,
b,b,iang,ng,biang,gap,0,0,
b,b,ieng,ng,bieng,attested,1,1,鞞
b,b,ing,ng,bing,attested,15,12,冫冰并併屏栟掤摒鉼餅箳䴵
b,b,iong,ng,biong,gap,0,0,
b,b,iung,ng,biung,gap,0,0,
b,b,oeng,ng,boeng,attested,14,12,夆奉俸捀唪逢漨縫㡝䩼𥎌𥛝
b,b,ong,ng,bong,attested,9,7,封覂崶犎葑𡉚𢇫
b,b,uaang,ng,buaang,gap,0,0,
b,b,ueng,ng,bueng,attested,20,19,芃朋倗唪埲堋棚菶蜂蓬韸篷
b,b,ung,ng,bung,attested,7,7,俸堋崩琫菶𥦜𦂌
b,b,waang,ng,bwaang,gap,0,0,
b,b,waeng,ng,bwaeng,gap,0,0,
b,b,wang,ng,bwang,gap,0,0,
b,b,wueng,ng,bwueng,gap,0,0,
b,b,wung,ng,bwung,gap,0,0,
b,b,yang,ng,byang,attested,14,12,㭋逄彭舽澎膨騯䅭䎧䠙𢗒𩶁
b,b,yeng,ng,byeng,attested,14,13,旁胮弸趽搒榜膀螃鮩髈蠯𠊧
b,b,yeong,ng,byeong,attested,19,19,並併屏洴畊郱竝荓瓶缾萍蛢
b,b,yng,ng,byng,attested,14,12,平坪泙庰枰胓苹病偋蚲評𡊞
b,b,aay,y,baay,attested,4,4,庍捭擺㠔
b,b,aey,y,baey,attested,36,32,杷俳倍排猈郫棑牌菩稗粺蓓
b,b,ay,y,bay,attested,3,3,扒拜𢷎
b,b,eoy,y,beoy,gap,0,0,
b,b,ey,y,bey,gap,0,0,
b,b,uy,y,buy,gap,0,0,
b,b,waay,y,bwaay,gap,0,0,
b,b,waey,y,bwaey,gap,0,0,
b,b,way,y,bway,gap,0,0,
b,b,wey,y,bwey,gap,0,0,
b,b,wy,y,bwy,gap,0,0,
b,b,y,y,by,attested,117,107,比皮仳圮牝否坒沘阰岯枇肶
b,b,yay,y,byay,gap,0,0,
b,b,aaw,w,baaw,gap,0,0,
b,b,aew,w,baew,attested,39,34,勽尥咆庖抱泡狍炮炰捊瓟皰
b,b,aw,w,baw,attested,17,17,勹包枹堡報葆緥褒鴇賲襃爆
b,b,eow,w,beow,gap,0,0,
b,b,ew,w,bew,attested,16,16,保胞苞宲珤豹堢飽駂褓寶䎂
b,b,iaew,w,biaew,gap,0,0,
b,b,iaw,w,biaw,attested,6,6,俵裱瀌臕𦔩𩽁
b,b,iew,w,biew,attested,7,7,表儦藨鑣䔸𧘝𧞧
b,b,iw,w,biw,gap,0,0,
b,b,oew,w,boew,attested,21,18,抔捊培婄掊部犃瓿裒箁蔀篰
b,b,ow,w,bow,attested,2,2,掊㨐
b,b,yeow,w,byeow,attested,8,8,殍莩藨㰶㹾𠬪𦳤𧴎
b,b,aei,i,baei,attested,7,7,唄旆敗軷贁䟺䢙
b,b,ai,i,bai,attested,15,15,伂沛貝芾狽茷敗鋇㸬䟺䰽𢂏
b,b,i,i,bi,attested,104,92,匕比朼佊妣庇沘疕卑彼枇泌
b,b,uei,i,buei,gap,0,0,
b,b,waei,i,bwaei,gap,0,0,
b,b,wai,i,bwai,gap,0,0,
b,b,wi,i,bwi,gap,0,0,
b,b,aak,k,baak,attested,8,8,百伯敀柏迫湐㼟𦯉
b,b,aek,k,baek,attested,31,30,白帛瓝瓟窇㼎舶跑雹䈏骲鮊
b,b,ak,k,bak,attested,19,19,肑剥趵駁駮擘檗薜嚗爆糪𦢊
b,b,ek,k,bek,attested,8,8,皀湢楅逼璧躄𣦢𨐨
b,b,eok,k,beok,gap,0,0,
b,b,iaak,k,biaak,gap,0,0,
b,b,iak,k,biak,gap,0,0,
b,b,iek,k,biek,attested,6,6,綼壁廦繴鼊𧲜
b,b,ik,k,bik,attested,9,9,㘠偪幅皕辟襞鐴䫾䮠
b,b,iok,k,biok,gap,0,0,
b,b,iuk,k,biuk,gap,0,0,
b,b,oek,k,boek,attested,4,4,僕瞨鏷䴆
b,b,ok,k,bok,attested,4,4,犦襮䪁𪇰
b,b,uaak,k,buaak,gap,0,0,
b,b,uek,k,buek,attested,4,4,幞襆轐䗱
b,b,uk,k,buk,attested,33,33,卜北偪幅菐楅腹葍鳪福獛蝠
b,b,waak,k,bwaak,gap,0,0,
b,b,waek,k,bwaek,gap,0,0,
b,b,yeok,k,byeok,attested,4,4,椑甓鷿㱸
b,b,yk,k,byk,attested,17,17,愎椑萆腷辟擗踾馥躃鶝闢㱸
b,b,aach,ch,baach,gap,0,0,
b,b,ach,ch,bach,gap,0,0,
b,b,aech,ch,baech,gap,0,0,
b,b,och,ch,boch,gap,0,0,
b,b,oech,ch,boech,gap,0,0,
b,b,uch,ch,buch,gap,0,0,
b,b,uech,ch,buech,gap,0,0,
b,b,aat,t,baat,attested,10,10,八扒朳玐哵捌釟㺴䤢𩡩
b,b,aet,t,baet,attested,3,3,拔菝𥎱
b,b,at,t,bat,attested,2,2,捌㭭
b,b,eot,t,beot,gap,0,0,
b,b,et,t,bet,attested,22,22,咇柲珌㭭畢筆彃潷熚㻫篳縪
b,b,iat,t,biat,attested,6,6,扒鄨鷩鼈虌𧧸
b,b,iet,t,biet,attested,6,6,别莂憋䇷䳤𡐞
b,b,it,t,bit,attested,23,23,必泌閉鉍滭蓽罼觱鮅䌘鏎鷝
b,b,oet,t,boet,attested,23,23,孛勃悖挬浡郣㪍桲㶿脖艴渤
b,b,ot,t,bot,gap,0,0,
b,b,t,t,bt,gap,0,0,
b,b,uet,t,buet,gap,0,0,
b,b,ut,t,but,gap,0,0,
b,b,waet,t,bwaet,gap,0,0,
b,b,wat,t,bwat,gap,0,0,
b,b,woet,t,bwoet,gap,0,0,
b,b,wot,t,bwot,gap,0,0,
b,b,yeot,t,byeot,attested,2,2,别𡷘
b,b,yt,t,byt,attested,45,37,比佖吡坒咇妼怭泌邲柲胇䏟
b,b,aets,ts,baets,gap,0,0,
b,b,ats,ts,bats,gap,0,0,
b,b,eots,ts,beots,gap,0,0,
b,b,ets,ts,bets,gap,0,0,
b,b,aap,p,baap,gap,0,0,
b,b,aep,p,baep,gap,0,0,
b,b,ap,p,bap,gap,0,0,
b,b,eop,p,beop,gap,0,0,
b,b,ep,p,bep,gap,0,0,
b,b,iep,p,biep,gap,0,0,
b,b,ip,p,bip,attested,2,2,皀鵖
b,b,oep,p,boep,gap,0,0,
b,b,op,p,bop,gap,0,0,
b,b,p,p,bp,gap,0,0,
b,b,yp,p,byp,attested,1,1,𩾳
b,b,eov,v,beov,gap,0,0,
b,b,ev,v,bev,gap,0,0,
b,b,ov,v,bov,gap,0,0,
b,b,aenn,nn,baenn,gap,0,0,
b,b,ann,nn,bann,gap,0,0,
b,b,enn,nn,benn,gap,0,0,
b,b,eonn,nn,beonn,gap,0,0,
b,b,onn,nn,bonn,gap,0,0,
b,b,aeyh,h,baeyh,gap,0,0,
b,b,ah,h,bah,gap,0,0,
b,b,ayh,h,bayh,gap,0,0,
b,b,emh,h,bemh,gap,0,0,
b,b,eomh,h,beomh,gap,0,0,
b,b,ueh,h,bueh,gap,0,0,
b,b,uh,h,buh,gap,0,0,
b,b,r,r,br,gap,0,0,
b,b,,open,b,gap,0,0,
b,b,a,open,ba,attested,16,16,巴吧弝把芭垻笆蚆豝鈀靶霸
b,b,aa,open,baa,attested,6,5,杷琶䇑𤝡𩹏
b,b,ae,open,bae,attested,6,5,爬笆跁𥝧𦫙
b,b,au,open,bau,gap,0,0,
b,b,e,open,be,gap,0,0,
b,b,eo,open,beo,gap,0,0,
b,b,eou,open,beou,gap,0,0,
b,b,eu,open,beu,gap,0,0,
b,b,ia,open,bia,gap,0,0,
b,b,iaeu,open,biaeu,gap,0,0,
b,b,iau,open,biau,gap,0,0,
b,b,ie,open,bie,attested,4,4,彆蔽鄨鷩
b,b,ieu,open,bieu,attested,19,18,杓髟猋幖標熛蔈瘭褾贆飊驫
b,b,iou,open,biou,gap,0,0,
b,b,iu,open,biu,gap,0,0,
b,b,o,open,bo,attested,22,20,布佈抪圃峬庯陠晡逋秿補誧
b,b,oe,open,boe,attested,25,24,步匍哺捕荹部菩蜅蒱蒲酺餔
b,b,oeu,open,boeu,attested,47,47,伏芣阜𨸏枹罘負哹浮偩婦掊
b,b,ou,open,bou,attested,17,15,不缶否哹紑缹富殕痞鴀輻鍑
b,b,u,open,bu,attested,3,3,髟彪驫
b,b,ua,open,bua,gap,0,0,
b,b,uae,open,buae,gap,0,0,
b,b,ue,open,bue,attested,3,3,淲瀌𩖛
b,b,ueo,open,bueo,gap,0,0,
b,b,wa,open,bwa,gap,0,0,
b,b,wae,open,bwae,gap,0,0,
b,b,yeo,open,byeo,attested,5,5,敝幣獘斃㡀
b,b,yeou,open,byeou,attested,15,15,剽慓摽膘瓢螵薸顠飄驃鰾𢹰
c,c,aan,n,caan,gap,0,0,
c,c,aen,n,caen,attested,11,10,恮痊筌絟詮銓縓駩鐉𠛮
c,c,an,n,can,attested,9,9,㛑湌粲餐燦璨薒䉔𪆶
c,c,en,n,cen,attested,9,9,淺遷櫏韆㿊䉦𠨧𨙙𨝍
c,c,eon,n,ceon,gap,0,0,
c,c,ian,n,cian,gap,0,0,
c,c,ien,n,cien,gap,0,0,
c,c,in,n,cin,attested,30,27,千仟圱汘阡杄芊迁倩笉茜谸
c,c,n,n,cn,gap,0,0,
c,c,oen,n,coen,gap,0,0,
c,c,on,n,con,attested,6,6,寸刌忖村䍎𢩭
c,c,uaen,n,cuaen,gap,0,0,
c,c,uan,n,cuan,gap,0,0,
c,c,uen,n,cuen,attested,11,11,佺峑拴悛荃硂諯謜譔𠥙𥆊
c,c,ueon,n,cueon,gap,0,0,
c,c,uin,n,cuin,gap,0,0,
c,c,un,n,cun,attested,10,10,夋捘逡皴竣踆㕙墫竴𠣟
c,c,waan,n,cwaan,gap,0,0,
c,c,waen,n,cwaen,gap,0,0,
c,c,wan,n,cwan,attested,10,7,鋑殩竄攛鑹爨䂎
c,c,woen,n,cwoen,gap,0,0,
c,c,won,n,cwon,gap,0,0,
c,c,wyn,n,cwyn,gap,0,0,
c,c,yeon,n,cyeon,gap,0,0,
c,c,yn,n,cyn,gap,0,0,
c,c,aam,m,caam,gap,0,0,
c,c,aem,m,caem,gap,0,0,
c,c,am,m,cam,attested,17,13,參朁傪慘噆憯謲驂黲㜗㽩䟃
c,c,em,m,cem,gap,0,0,
c,c,eom,m,ceom,gap,0,0,
c,c,iem,m,ciem,gap,0,0,
c,c,im,m,cim,attested,37,35,吣沁侵浸梫寑僉綅塹寢憯槧
c,c,m,m,cm,gap,0,0,
c,c,oem,m,coem,gap,0,0,
c,c,om,m,com,gap,0,0,
c,c,ym,m,cym,gap,0,0,
c,c,yom,m,cyom,gap,0,0,
c,c,aang,ng,caang,gap,0,0,
c,c,aeng,ng,caeng,gap,0,0,
c,c,ang,ng,cang,attested,23,20,斨倉凔搶滄嶈摤槍牄瑲蒼蹌
c,c,eng,ng,ceng,attested,7,6,靑掅蜻靘鯖鶄
c,c,eong,ng,ceong,gap,0,0,
c,c,iaang,ng,ciaang,gap,0,0,
c,c,iang,ng,ciang,gap,0,0,
c,c,ieng,ng,cieng,gap,0,0,
c,c,ing,ng,cing,attested,6,6,倩凊圊清睛請
c,c,iong,ng,ciong,gap,0,0,
c,c,iung,ng,ciung,gap,0,0,
c,c,oeng,ng,coeng,gap,0,0,
c,c,ong,ng,cong,attested,12,12,從摐暰樅瑽鬆鏦䐫䗥𥡬𧺣𨑪
c,c,uaang,ng,cuaang,gap,0,0,
c,c,ueng,ng,cueng,gap,0,0,
c,c,ung,ng,cung,attested,20,20,囪忩怱愡楤㷓𤧚葱聦趥鍯繱
c,c,waang,ng,cwaang,gap,0,0,
c,c,waeng,ng,cwaeng,gap,0,0,
c,c,wang,ng,cwang,gap,0,0,
c,c,wueng,ng,cwueng,gap,0,0,
c,c,wung,ng,cwung,gap,0,0,
c,c,yang,ng,cyang,gap,0,0,
c,c,yeng,ng,cyeng,gap,0,0,
c,c,yeong,ng,cyeong,gap,0,0,
c,c,yng,ng,cyng,gap,0,0,
c,c,aay,y,caay,gap,0,0,
c,c,aey,y,caey,gap,0,0,
c,c,ay,y,cay,attested,16,15,采偲埰寀彩採猜棌菜睵綵㥒
c,c,eoy,y,ceoy,gap,0,0,
c,c,ey,y,cey,gap,0,0,
c,c,uy,y,cuy,gap,0,0,
c,c,waay,y,cwaay,gap,0,0,
c,c,waey,y,cwaey,gap,0,0,
c,c,way,y,cway,gap,0,0,
c,c,wey,y,cwey,gap,0,0,
c,c,wy,y,cwy,attested,19,19,倅啐崔淬焠催漼璀皠縗鏙䃀
c,c,y,y,cy,gap,0,0,
c,c,yay,y,cyay,gap,0,0,
c,c,aaw,w,caaw,gap,0,0,
c,c,aew,w,caew,gap,0,0,
c,c,aw,w,caw,attested,10,9,造愺艁幧懆操騲𠹊𢻥
c,c,eow,w,ceow,gap,0,0,
c,c,ew,w,cew,attested,8,8,艸草慅慥鄵糙㡟㿷
c,c,iaew,w,ciaew,gap,0,0,
c,c,iaw,w,ciaw,gap,0,0,
c,c,iew,w,ciew,gap,0,0,
c,c,iw,w,ciw,gap,0,0,
c,c,oew,w,coew,gap,0,0,
c,c,ow,w,cow,attested,12,12,取棷湊楱腠嗾蔟趣輳䜅𧱪𪉮
c,c,yeow,w,cyeow,gap,0,0,
c,c,aei,i,caei,gap,0,0,
c,c,ai,i,cai,attested,3,3,蔡𣞖𪇭
c,c,i,i,ci,attested,68,62,切朿次此佌佽刺刾妻姕庛泚
c,c,uei,i,cuei,gap,0,0,
c,c,waei,i,cwaei,gap,0,0,
c,c,wai,i,cwai,attested,5,5,啐襊𥨒𦦣𨅎
c,c,wi,i,cwi,attested,6,6,翠趡踓濢臎𨿐
c,c,aak,k,caak,gap,0,0,
c,c,aek,k,caek,gap,0,0,
c,c,ak,k,cak,attested,7,7,剒厝莡逪縒錯䱜
c,c,ek,k,cek,attested,11,11,戚慽慼磩鏚鼜𦸗𧐶𧒕𧠪𪒑
c,c,eok,k,ceok,gap,0,0,
c,c,iaak,k,ciaak,gap,0,0,
c,c,iak,k,ciak,gap,0,0,
c,c,iek,k,ciek,gap,0,0,
c,c,ik,k,cik,attested,10,10,刺洓皵嫧磧䟄𢔠𥄎𧙞𧻕
c,c,iok,k,ciok,gap,0,0,
c,c,iuk,k,ciuk,gap,0,0,
c,c,oek,k,coek,gap,0,0,
c,c,ok,k,cok,gap,0,0,
c,c,uaak,k,cuaak,gap,0,0,
c,c,uek,k,cuek,gap,0,0,
c,c,uk,k,cuk,attested,7,7,梀墄趗蔟瘯簇䃚
c,c,waak,k,cwaak,gap,0,0,
c,c,waek,k,cwaek,gap,0,0,
c,c,yeok,k,cyeok,gap,0,0,
c,c,yk,k,cyk,gap,0,0,
c,c,aach,ch,caach,gap,0,0,
c,c,ach,ch,cach,attested,10,10,芍舄皵碏趞踖鵲㹱䇎䱜
c,c,aech,ch,caech,gap,0,0,
c,c,och,ch,coch,attested,6,6,促誎趗㹱𤗁𦠁
c,c,oech,ch,coech,gap,0,0,
c,c,uch,ch,cuch,attested,3,3,殧鼀蹴
c,c,uech,ch,cuech,gap,0,0,
c,c,aat,t,caat,gap,0,0,
c,c,aet,t,caet,gap,0,0,
c,c,at,t,cat,attested,3,3,攃礤䌨
c,c,eot,t,ceot,gap,0,0,
c,c,et,t,cet,attested,4,4,敠絟膬𥕹
c,c,iat,t,ciat,gap,0,0,
c,c,iet,t,ciet,gap,0,0,
c,c,it,t,cit,attested,17,17,七切沏柒柣桼詧漆竊㗫㯃䟙
c,c,oet,t,coet,gap,0,0,
c,c,ot,t,cot,gap,0,0,
c,c,t,t,ct,gap,0,0,
c,c,uet,t,cuet,gap,0,0,
c,c,ut,t,cut,attested,1,1,焌
c,c,waet,t,cwaet,gap,0,0,
c,c,wat,t,cwat,attested,2,2,撮襊
c,c,woet,t,cwoet,gap,0,0,
c,c,wot,t,cwot,attested,5,5,卒猝𢪃𣨛𥾛
c,c,yeot,t,cyeot,gap,0,0,
c,c,yt,t,cyt,gap,0,0,
c,c,aets,ts,caets,gap,0,0,
c,c,ats,ts,cats,gap,0,0,
c,c,eots,ts,ceots,gap,0,0,
c,c,ets,ts,cets,gap,0,0,
c,c,aap,p,caap,gap,0,0,
c,c,aep,p,caep,gap,0,0,
c,c,ap,p,cap,attested,5,5,囃㜗䟃䵽𥗭
c,c,eop,p,ceop,gap,0,0,
c,c,ep,p,cep,attested,8,8,咠葺緁緝鯜𣠺䌌𠟪
c,c,iep,p,ciep,gap,0,0,
c,c,ip,p,cip,attested,8,8,妾淁踥諿穕鏶𧚨𪔪
c,c,oep,p,coep,gap,0,0,
c,c,op,p,cop,gap,0,0,
c,c,p,p,cp,gap,0,0,
c,c,yp,p,cyp,gap,0,0,
c,c,eov,v,ceov,gap,0,0,
c,c,ev,v,cev,gap,0,0,
c,c,ov,v,cov,gap,0,0,
c,c,aenn,nn,caenn,gap,0,0,
c,c,ann,nn,cann,gap,0,0,
c,c,enn,nn,cenn,gap,0,0,
c,c,eonn,nn,ceonn,gap,0,0,
c,c,onn,nn,conn,gap,0,0,
c,c,aeyh,h,caeyh,gap,0,0,
c,c,ah,h,cah,attested,11,10,沮苴疽砠趄蒩覰䁦䏣𤿚
c,c,ayh,h,cayh,gap,0,0,
c,c,emh,h,cemh,gap,0,0,
c,c,eomh,h,ceomh,gap,0,0,
c,c,ueh,h,cueh,gap,0,0,
c,c,uh,h,cuh,attested,12,11,伹刞坥岨狙蛆雎蜡䢸𡳆𣻐
c,c,r,r,cr,gap,0,0,
c,c,,open,c,gap,0,0,
c,c,a,open,ca,attested,3,3,且笪䞣
c,c,aa,open,caa,attested,10,9,傞硰搓溠瑳磋蹉䰈𪘓
c,c,ae,open,cae,gap,0,0,
c,c,au,open,cau,attested,8,8,哨峭帩陗釥鍫𣟼𪑊
c,c,e,open,ce,gap,0,0,
c,c,eo,open,ceo,gap,0,0,
c,c,eou,open,ceou,gap,0,0,
c,c,eu,open,ceu,attested,10,9,俏悄愀篍幧鐰㡑㴥𣖄
c,c,ia,open,cia,gap,0,0,
c,c,iaeu,open,ciaeu,gap,0,0,
c,c,iau,open,ciau,gap,0,0,
c,c,ie,open,cie,gap,0,0,
c,c,ieu,open,cieu,gap,0,0,
c,c,iou,open,ciou,gap,0,0,
c,c,iu,open,ciu,gap,0,0,
c,c,o,open,co,attested,13,12,厝措觕麁蔖醋錯麤㳻𤿚𥼡𧆓
c,c,oe,open,coe,gap,0,0,
c,c,oeu,open,coeu,gap,0,0,
c,c,ou,open,cou,attested,18,18,秋秌湫楸萩篍緧趥䨂蟗鞦鞧
c,c,u,open,cu,attested,6,6,取娶趍趣趨鯫
c,c,ua,open,cua,attested,2,2,脞㛗
c,c,uae,open,cuae,gap,0,0,
c,c,ue,open,cue,attested,12,12,帨脃脆毳膬竁韢㓹㯔𣃍𤂳𧑎
c,c,ueo,open,cueo,gap,0,0,
c,c,wa,open,cwa,attested,9,9,剉脞莝磋諎遳銼䂳𢯽
c,c,wae,open,cwae,gap,0,0,
c,c,yeo,open,cyeo,gap,0,0,
c,c,yeou,open,cyeou,gap,0,0,
d,d,aan,n,daan,attested,15,13,聅袒觛彈撣潬誕壇澶癉繵驙
d,d,aen,n,daen,attested,17,14,但胆唌僤蜑儃憚檀膻繟襢貚
d,d,an,n,dan,attested,13,11,丹狚笪單鄲嬗鴠簞㠆䐷𤺺
d,d,en,n,den,attested,13,11,旦担疸觛亶匰殫癉襌㡺𢘇
d,d,eon,n,deon,gap,0,0,
d,d,ian,n,dian,gap,0,0,
d,d,ien,n,dien,gap,0,0,
d,d,in,n,din,attested,23,23,典唸傎厧殿滇槙瘨蕇錪蹎顚
d,d,n,n,dn,gap,0,0,
d,d,oen,n,doen,gap,0,0,
d,d,on,n,don,attested,23,20,屯囤坉扽沌芚盾窀惇豘軘飩
d,d,uaen,n,duaen,gap,0,0,
d,d,uan,n,duan,gap,0,0,
d,d,uen,n,duen,gap,0,0,
d,d,ueon,n,dueon,gap,0,0,
d,d,uin,n,duin,gap,0,0,
d,d,un,n,dun,attested,23,20,庉忳邨啍弴豚敦鈍頓墩遯燉
d,d,waan,n,dwaan,attested,9,9,敦椴慱鄟篿斷鷒𧐕𩅂
d,d,waen,n,dwaen,attested,10,10,段窀剸團摶漙緞毈𩋦𪆃
d,d,wan,n,dwan,attested,21,20,耑𢭃偳剬短瑖腶碫端褍竱踹
d,d,woen,n,dwoen,gap,0,0,
d,d,won,n,dwon,gap,0,0,
d,d,wyn,n,dwyn,gap,0,0,
d,d,yeon,n,dyeon,gap,0,0,
d,d,yn,n,dyn,attested,40,34,田佃甸沺殄畇畋涏淀奠跈嗔
d,d,aam,m,daam,attested,35,26,啖惔萏覃痰窞噉談憺橝澹瞫
d,d,aem,m,daem,attested,33,27,眈倓啗淡郯腅髧嘾潭曇燂蕁
d,d,am,m,dam,attested,35,30,丼妉抌瓭眈紞耽衴酖媅湛䪴
d,d,em,m,dem,attested,12,11,沾玷唸埝䍄詀㓠𦒻𦕒𩅀𩬑
d,d,eom,m,deom,gap,0,0,
d,d,iem,m,diem,gap,0,0,
d,d,im,m,dim,attested,12,11,佔坫店敁痁墊點㝪㡇䀡𧚊
d,d,m,m,dm,gap,0,0,
d,d,oem,m,doem,gap,0,0,
d,d,om,m,dom,gap,0,0,
d,d,ym,m,dym,attested,13,13,恬扂甜湉菾橝磹簟驔㶘㼭𠂼
d,d,yom,m,dyom,gap,0,0,
d,d,aang,ng,daang,attested,1,1,打
d,d,aeng,ng,daeng,attested,59,56,坣宕唐堂傏啺婸崵愓棠塘嵣
d,d,ang,ng,dang,attested,22,20,瓽當儅擋檔璫簹蟷襠譡黨鐺
d,d,eng,ng,deng,attested,30,28,丁仃叮奵打玎矴定耵虰訂酊
d,d,eong,ng,deong,attested,17,16,町定亭庭挺掟梃渟綎聤鋌錠
d,d,iaang,ng,diaang,gap,0,0,
d,d,iang,ng,diang,gap,0,0,
d,d,ieng,ng,dieng,gap,0,0,
d,d,ing,ng,ding,attested,20,15,廷訂娗涏停莛楟筳艇葶蜓誔
d,d,iong,ng,diong,gap,0,0,
d,d,iung,ng,diung,gap,0,0,
d,d,oeng,ng,doeng,attested,22,22,佟彤炵浵疼痋赨鉖鉵鼕爞㠽
d,d,ong,ng,dong,attested,8,8,冬苳笗湩𩂓䳉𠔙𧲴
d,d,uaang,ng,duaang,gap,0,0,
d,d,ueng,ng,dueng,attested,88,76,仝同侗哃姛峒恫挏洞戙桐烔
d,d,ung,ng,dung,attested,48,44,東倲凍埬崠涷棟湩登等菄董
d,d,waang,ng,dwaang,gap,0,0,
d,d,waeng,ng,dwaeng,gap,0,0,
d,d,wang,ng,dwang,gap,0,0,
d,d,wueng,ng,dwueng,gap,0,0,
d,d,wung,ng,dwung,gap,0,0,
d,d,yang,ng,dyang,gap,0,0,
d,d,yeng,ng,dyeng,gap,0,0,
d,d,yeong,ng,dyeong,gap,0,0,
d,d,yng,ng,dyng,gap,0,0,
d,d,aay,y,daay,attested,20,18,岱苔埭袋菭跆瑇䈚駘儓嬯黛
d,d,aey,y,daey,attested,19,19,代帒甙待怠殆炱迨紿詒軩逮
d,d,ay,y,day,attested,6,6,等跢摕戴蹛㿃
d,d,eoy,y,deoy,gap,0,0,
d,d,ey,y,dey,attested,5,5,帶懛艜𢄔𪒴
d,d,uy,y,duy,gap,0,0,
d,d,waay,y,dwaay,gap,0,0,
d,d,waey,y,dwaey,attested,30,29,陮隊墤尵憞隤憝錞頽濧薱魋
d,d,way,y,dway,attested,14,13,敦塠䇏對𦞙磓頧鎚轛䜃𡏩𡑈
d,d,wey,y,dwey,attested,12,12,堆嵟搥碓謉鴭䭔𠂤𠏮𠩰𣝉𩈜
d,d,wy,y,dwy,gap,0,0,
d,d,y,y,dy,attested,98,85,地弟折杕厗娣悌桋荑軑第釱
d,d,yay,y,dyay,gap,0,0,
d,d,aaw,w,daaw,gap,0,0,
d,d,aew,w,daew,attested,46,42,匋咷桃逃啕悼掏陶盜萄道綯
d,d,aw,w,daw,attested,11,11,刀忉朷到裯壔擣㿒䮻𤓾𩕯
d,d,eow,w,deow,gap,0,0,
d,d,ew,w,dew,attested,13,11,舠倒菿搗禂魛㠀懤檮禱𧛔
d,d,iaew,w,diaew,gap,0,0,
d,d,iaw,w,diaw,gap,0,0,
d,d,iew,w,diew,gap,0,0,
d,d,iw,w,diw,gap,0,0,
d,d,oew,w,doew,attested,37,35,坄投豆浢郖梪毭脰荳逗酘揄
d,d,ow,w,dow,attested,27,26,斗吺抖阧枓侸剅蚪郖陡鬥兠
d,d,yeow,w,dyeow,gap,0,0,
d,d,aei,i,daei,attested,8,8,大㐲忕汏軑釱䲦𪐝
d,d,ai,i,dai,gap,0,0,
d,d,i,i,di,attested,59,54,氐低坻奃岻底弤抵邸帝柢牴
d,d,uei,i,duei,gap,0,0,
d,d,waei,i,dwaei,attested,5,5,兊綐銳㟋𩊭
d,d,wai,i,dwai,attested,1,1,祋
d,d,wi,i,dwi,gap,0,0,
d,d,aak,k,daak,attested,7,7,剫喥凙踱襗𢜬𨍏
d,d,aek,k,daek,attested,8,8,仛度鐸㤞䐾𧩧𩍜𩑒
d,d,ak,k,dak,gap,0,0,
d,d,ek,k,dek,attested,26,26,弔扚杓玓肑芍的啇靮馰嫡滴
d,d,eok,k,deok,attested,29,29,狄籴邮苖迪梑笛荻滌滷翟頔
d,d,iaak,k,diaak,gap,0,0,
d,d,iak,k,diak,gap,0,0,
d,d,iek,k,diek,gap,0,0,
d,d,ik,k,dik,gap,0,0,
d,d,iok,k,diok,gap,0,0,
d,d,iuk,k,diuk,gap,0,0,
d,d,oek,k,doek,attested,8,8,毒瑇碡蝳纛𡹆𢃶𦺇
d,d,ok,k,dok,attested,11,11,𡰪竺督裻篤錖𤬂𥓍𧛔𧝴𧞶
d,d,uaak,k,duaak,gap,0,0,
d,d,uek,k,duek,attested,39,39,特罜貣棏碡樴獨螣鴏儥匵嬻
d,d,uk,k,duk,attested,17,17,𡰪竺剢啄得淂惪𢽴䐁德㥁䙷
d,d,waak,k,dwaak,gap,0,0,
d,d,waek,k,dwaek,gap,0,0,
d,d,yeok,k,dyeok,gap,0,0,
d,d,yk,k,dyk,gap,0,0,
d,d,aach,ch,daach,gap,0,0,
d,d,ach,ch,dach,gap,0,0,
d,d,aech,ch,daech,gap,0,0,
d,d,och,ch,doch,gap,0,0,
d,d,oech,ch,doech,gap,0,0,
d,d,uch,ch,duch,gap,0,0,
d,d,uech,ch,duech,gap,0,0,
d,d,aat,t,daat,gap,0,0,
d,d,aet,t,daet,gap,0,0,
d,d,at,t,dat,attested,5,5,狚炟笪靼䵣
d,d,eot,t,deot,gap,0,0,
d,d,et,t,det,attested,5,5,呾妲怛𢛁𦬹
d,d,iat,t,diat,gap,0,0,
d,d,iet,t,diet,gap,0,0,
d,d,it,t,dit,attested,7,7,咥窒蛭㗧𡇓𥉺𨴗
d,d,oet,t,doet,gap,0,0,
d,d,ot,t,dot,attested,9,9,咄柮突堗鍎鼵𣔻𦩤𩢎
d,d,t,t,dt,gap,0,0,
d,d,uet,t,duet,gap,0,0,
d,d,ut,t,dut,attested,9,9,凸揬腯葖鈯鶟𡿮𦔅𩨳
d,d,waet,t,dwaet,attested,8,8,挩敚脫莌痥奪鮵𡙜
d,d,wat,t,dwat,attested,8,8,咄祋剟掇敠腏裰鵽
d,d,woet,t,dwoet,gap,0,0,
d,d,wot,t,dwot,gap,0,0,
d,d,yeot,t,dyeot,gap,0,0,
d,d,yt,t,dyt,attested,35,35,凸泆咥垤姪恎昳胅苵迭瓞眣
d,d,aets,ts,daets,gap,0,0,
d,d,ats,ts,dats,attested,2,2,達薘
d,d,eots,ts,deots,gap,0,0,
d,d,ets,ts,dets,gap,0,0,
d,d,aap,p,daap,attested,14,14,沓眔涾闒譫譶躢龖㧺䍇𠉤𣝋
d,d,aep,p,daep,attested,14,14,㭼䂿遝誻蹋蹹䈳䜚䳴𦂀𦑲𦾽
d,d,ap,p,dap,attested,11,11,耷荅畣笚答撘㾑㿴䓠𢴄𨅞
d,d,eop,p,deop,gap,0,0,
d,d,ep,p,dep,attested,12,11,矺嗒褡㜓㩉㯚㿯䪚𠞈𤝰𩝣
d,d,iep,p,diep,gap,0,0,
d,d,ip,p,dip,attested,12,12,涉笘喋聑跕㑙㝪䩞𠲷𢬴𧚊𨓊
d,d,oep,p,doep,gap,0,0,
d,d,op,p,dop,gap,0,0,
d,d,p,p,dp,gap,0,0,
d,d,yp,p,dyp,attested,30,30,喋堞惵揲牃牒墊慴蝶褋諜蹀
d,d,eov,v,deov,gap,0,0,
d,d,ev,v,dev,gap,0,0,
d,d,ov,v,dov,gap,0,0,
d,d,aenn,nn,daenn,gap,0,0,
d,d,ann,nn,dann,gap,0,0,
d,d,enn,nn,denn,gap,0,0,
d,d,eonn,nn,deonn,gap,0,0,
d,d,onn,nn,donn,gap,0,0,
d,d,aeyh,h,daeyh,gap,0,0,
d,d,ah,h,dah,gap,0,0,
d,d,ayh,h,dayh,gap,0,0,
d,d,emh,h,demh,gap,0,0,
d,d,eomh,h,deomh,gap,0,0,
d,d,ueh,h,dueh,gap,0,0,
d,d,uh,h,duh,gap,0,0,
d,d,r,r,dr,gap,0,0,
d,d,,open,d,gap,0,0,
d,d,a,open,da,gap,0,0,
d,d,aa,open,daa,attested,12,10,多哆痑跢癉嚲䫂䯬𦰿𦷛
d,d,ae,open,dae,attested,34,30,大池佗拕沱陀柁迱陊爹紽舵
d,d,au,open,dau,gap,0,0,
d,d,e,open,de,gap,0,0,
d,d,eo,open,deo,gap,0,0,
d,d,eou,open,deou,gap,0,0,
d,d,eu,open,deu,gap,0,0,
d,d,ia,open,dia,gap,0,0,
d,d,iaeu,open,diaeu,attested,37,33,芀佻岧挑苕迢掉條窕莜誂趒
d,d,iau,open,diau,attested,18,18,刁弔伄奝鳥琱貂瞗窵鯛鵰㣿
d,d,ie,open,die,gap,0,0,
d,d,ieu,open,dieu,attested,20,18,扚凋釕弴彫蛁釣蔦瘹雕㚋䂏
d,d,iou,open,diou,gap,0,0,
d,d,iu,open,diu,attested,1,1,丟
d,d,o,open,do,attested,16,15,帾秺都楮睹賭螙醏闍殬蠹㓃
d,d,oe,open,doe,attested,23,22,土度捈涂啚屠途㭸渡菟嵞䣝
d,d,oeu,open,doeu,gap,0,0,
d,d,ou,open,dou,attested,22,22,杜肚峹徒梌荰荼靯塗瘏筡圖
d,d,u,open,du,attested,15,14,奼妒肚妬秅堵暏覩斁㕆䩲𤴱
d,d,ua,open,dua,gap,0,0,
d,d,uae,open,duae,gap,0,0,
d,d,ue,open,due,gap,0,0,
d,d,ueo,open,dueo,gap,0,0,
d,d,wa,open,dwa,attested,21,20,朵朶刴挅挆桗埵揣綞䤪褍鍺
d,d,wae,open,dwae,attested,21,20,垛堶媠惰碢墮嫷嶞憜鬌㸰䅜
d,d,yeo,open,dyeo,gap,0,0,
d,d,yeou,open,dyeou,gap,0,0,
f,f,aan,n,faan,attested,39,36,伴拌叛柈畔笲軬幋煩盤璠䈲
f,f,aen,n,faen,attested,38,36,般袢棥番飯媻閞搫槃緐墦樊
f,f,an,n,fan,attested,34,31,反坢拌昄泮牉瓪娩眫粄般番
f,f,en,n,fen,attested,33,31,半冸判坂汳沜阪姅返畈絆販
f,f,eon,n,feon,gap,0,0,
f,f,ian,n,fian,gap,0,0,
f,f,ien,n,fien,gap,0,0,
f,f,in,n,fin,gap,0,0,
f,f,n,n,fn,gap,0,0,
f,f,oen,n,foen,attested,10,10,体坌盆笨湓葐獖㨧𣴞𪂽
f,f,on,n,fon,attested,18,15,本奔苯畚笨翉湓犇賁噴濆歕
f,f,uaen,n,fuaen,gap,0,0,
f,f,uan,n,fuan,gap,0,0,
f,f,uen,n,fuen,attested,56,48,分坋妢弅扮汾朌枌氛秎羒蚡
f,f,ueon,n,fueon,gap,0,0,
f,f,uin,n,fuin,gap,0,0,
f,f,un,n,fun,attested,36,32,分扮忿拚氛芬砏粉紛衯棻湓
f,f,waan,n,fwaan,gap,0,0,
f,f,waen,n,fwaen,gap,0,0,
f,f,wan,n,fwan,gap,0,0,
f,f,woen,n,fwoen,gap,0,0,
f,f,won,n,fwon,gap,0,0,
f,f,wyn,n,fwyn,gap,0,0,
f,f,yeon,n,fyeon,gap,0,0,
f,f,yn,n,fyn,gap,0,0,
f,f,aam,m,faam,gap,0,0,
f,f,aem,m,faem,gap,0,0,
f,f,am,m,fam,gap,0,0,
f,f,em,m,fem,gap,0,0,
f,f,eom,m,feom,gap,0,0,
f,f,iem,m,fiem,gap,0,0,
f,f,im,m,fim,gap,0,0,
f,f,m,m,fm,gap,0,0,
f,f,oem,m,foem,attested,16,14,凡𠆩氾犯帆柉范軓梵笵範颿
f,f,om,m,fom,attested,12,11,𠆩氾汎姂泛䀀釩䒦𣢲𥁔𦜒
f,f,ym,m,fym,gap,0,0,
f,f,yom,m,fyom,gap,0,0,
f,f,aang,ng,faang,attested,4,4,坊房魴𩦠
f,f,aeng,ng,faeng,attested,5,4,方防肪鴋
f,f,ang,ng,fang,attested,33,29,匚方仿坊妨彷汸邡放昉枋牥
f,f,eng,ng,feng,gap,0,0,
f,f,eong,ng,feong,gap,0,0,
f,f,iaang,ng,fiaang,gap,0,0,
f,f,iang,ng,fiang,gap,0,0,
f,f,ieng,ng,fieng,gap,0,0,
f,f,ing,ng,fing,gap,0,0,
f,f,iong,ng,fiong,gap,0,0,
f,f,iung,ng,fiung,gap,0,0,
f,f,oeng,ng,foeng,gap,0,0,
f,f,ong,ng,fong,gap,0,0,
f,f,uaang,ng,fuaang,gap,0,0,
f,f,ueng,ng,fueng,attested,9,9,汎芃梵堸渢馮鳳𠤈𨝭
f,f,ung,ng,fung,attested,9,8,風偑猦楓諷檒飌𧆉
f,f,waang,ng,fwaang,gap,0,0,
f,f,waeng,ng,fwaeng,gap,0,0,
f,f,wang,ng,fwang,gap,0,0,
f,f,wueng,ng,fwueng,gap,0,0,
f,f,wung,ng,fwung,gap,0,0,
f,f,yang,ng,fyang,gap,0,0,
f,f,yeng,ng,fyeng,gap,0,0,
f,f,yeong,ng,fyeong,gap,0,0,
f,f,yng,ng,fyng,attested,7,6,凭淜馮憑靐㵗
f,f,aay,y,faay,gap,0,0,
f,f,aey,y,faey,attested,31,31,吠孛佩邶背苝悖珮茷偝培婄
f,f,ay,y,fay,attested,31,31,妃抔坯杮杯肧肺盃背胐砩衃
f,f,eoy,y,feoy,attested,41,36,怫狒肥屝淝陫腓菲萉費賁痱
f,f,ey,y,fey,attested,53,49,妃沸芾非昲朏茀飛匪疿奜婓
f,f,uy,y,fuy,gap,0,0,
f,f,waay,y,fwaay,gap,0,0,
f,f,waey,y,fwaey,gap,0,0,
f,f,way,y,fway,gap,0,0,
f,f,wey,y,fwey,gap,0,0,
f,f,wy,y,fwy,gap,0,0,
f,f,y,y,fy,gap,0,0,
f,f,yay,y,fyay,gap,0,0,
f,f,aaw,w,faaw,gap,0,0,
f,f,aew,w,faew,gap,0,0,
f,f,aw,w,faw,gap,0,0,
f,f,eow,w,feow,gap,0,0,
f,f,ew,w,few,gap,0,0,
f,f,iaew,w,fiaew,gap,0,0,
f,f,iaw,w,fiaw,gap,0,0,
f,f,iew,w,fiew,gap,0,0,
f,f,iw,w,fiw,gap,0,0,
f,f,oew,w,foew,gap,0,0,
f,f,ow,w,fow,gap,0,0,
f,f,yeow,w,fyeow,gap,0,0,
f,f,aei,i,faei,gap,0,0,
f,f,ai,i,fai,gap,0,0,
f,f,i,i,fi,gap,0,0,
f,f,uei,i,fuei,gap,0,0,
f,f,waei,i,fwaei,gap,0,0,
f,f,wai,i,fwai,gap,0,0,
f,f,wi,i,fwi,gap,0,0,
f,f,aak,k,faak,attested,6,6,泊亳箔踄䭦𩽛
f,f,aek,k,faek,attested,6,6,縛薄簿礴鑮𩍿
f,f,ak,k,fak,attested,36,34,胉粕博奤搏溥猼膊蒪䗚䙏濼
f,f,ek,k,fek,gap,0,0,
f,f,eok,k,feok,gap,0,0,
f,f,iaak,k,fiaak,gap,0,0,
f,f,iak,k,fiak,gap,0,0,
f,f,iek,k,fiek,gap,0,0,
f,f,ik,k,fik,attested,1,1,碧
f,f,iok,k,fiok,gap,0,0,
f,f,iuk,k,fiuk,gap,0,0,
f,f,oek,k,foek,gap,0,0,
f,f,ok,k,fok,gap,0,0,
f,f,uaak,k,fuaak,gap,0,0,
f,f,uek,k,fuek,attested,58,56,仆伏服垘复洑畐栿茯匐虙復
f,f,uk,k,fuk,gap,0,0,
f,f,waak,k,fwaak,gap,0,0,
f,f,waek,k,fwaek,gap,0,0,
f,f,yeok,k,fyeok,gap,0,0,
f,f,yk,k,fyk,gap,0,0,
f,f,aach,ch,faach,gap,0,0,
f,f,ach,ch,fach,gap,0,0,
f,f,aech,ch,faech,gap,0,0,
f,f,och,ch,foch,gap,0,0,
f,f,oech,ch,foech,gap,0,0,
f,f,uch,ch,fuch,gap,0,0,
f,f,uech,ch,fuech,gap,0,0,
f,f,aat,t,faat,attested,19,18,犮伐坺妭茷菝跋瞂罰颰馛魃
f,f,aet,t,faet,attested,20,19,拔垡炦癹胈茇栰筏軷鈸閥䑔
f,f,at,t,fat,attested,18,18,癶冹茇盋發筏撥襏鏺䍨䢌䳊
f,f,eot,t,feot,gap,0,0,
f,f,et,t,fet,attested,18,17,帗怖袚鉢颰髮驋鱍㤄㧊䣪𢯸
f,f,iat,t,fiat,gap,0,0,
f,f,iet,t,fiet,gap,0,0,
f,f,it,t,fit,gap,0,0,
f,f,oet,t,foet,gap,0,0,
f,f,ot,t,fot,attested,6,6,不昢哱馞㛘䪬
f,f,t,t,ft,gap,0,0,
f,f,uet,t,fuet,attested,9,9,佛刜咈坲怫炥䞞𡶒𣀣
f,f,ut,t,fut,attested,32,31,乀不巿弗甶冹刜帗彿拂芾柫
f,f,waet,t,fwaet,gap,0,0,
f,f,wat,t,fwat,gap,0,0,
f,f,woet,t,fwoet,gap,0,0,
f,f,wot,t,fwot,gap,0,0,
f,f,yeot,t,fyeot,gap,0,0,
f,f,yt,t,fyt,gap,0,0,
f,f,aets,ts,faets,gap,0,0,
f,f,ats,ts,fats,gap,0,0,
f,f,eots,ts,feots,gap,0,0,
f,f,ets,ts,fets,gap,0,0,
f,f,aap,p,faap,gap,0,0,
f,f,aep,p,faep,gap,0,0,
f,f,ap,p,fap,gap,0,0,
f,f,eop,p,feop,gap,0,0,
f,f,ep,p,fep,gap,0,0,
f,f,iep,p,fiep,gap,0,0,
f,f,ip,p,fip,gap,0,0,
f,f,oep,p,foep,attested,3,3,乏姂泛
f,f,op,p,fop,attested,3,3,法灋𥎰
f,f,p,p,fp,gap,0,0,
f,f,yp,p,fyp,gap,0,0,
f,f,eov,v,feov,gap,0,0,
f,f,ev,v,fev,gap,0,0,
f,f,ov,v,fov,gap,0,0,
f,f,aenn,nn,faenn,gap,0,0,
f,f,ann,nn,fann,gap,0,0,
f,f,enn,nn,fenn,gap,0,0,
f,f,eonn,nn,feonn,gap,0,0,
f,f,onn,nn,fonn,gap,0,0,
f,f,aeyh,h,faeyh,gap,0,0,
f,f,ah,h,fah,gap,0,0,
f,f,ayh,h,fayh,gap,0,0,
f,f,emh,h,femh,gap,0,0,
f,f,eomh,h,feomh,gap,0,0,
f,f,ueh,h,fueh,gap,0,0,
f,f,uh,h,fuh,gap,0,0,
f,f,r,r,fr,gap,0,0,
f,f,,open,f,gap,0,0,
f,f,a,open,fa,attested,25,20,叵坡波玻破紴番跛碆頗嶓播
f,f,aa,open,faa,attested,5,5,媻蔢鄱縛繁
f,f,ae,open,fae,attested,6,6,爸婆碆搫皤𩕏
f,f,au,open,fau,gap,0,0,
f,f,e,open,fe,gap,0,0,
f,f,eo,open,feo,gap,0,0,
f,f,eou,open,feou,gap,0,0,
f,f,eu,open,feu,gap,0,0,
f,f,ia,open,fia,gap,0,0,
f,f,iaeu,open,fiaeu,gap,0,0,
f,f,iau,open,fiau,gap,0,0,
f,f,ie,open,fie,gap,0,0,
f,f,ieu,open,fieu,gap,0,0,
f,f,iou,open,fiou,gap,0,0,
f,f,iu,open,fiu,gap,0,0,
f,f,o,open,fo,gap,0,0,
f,f,oe,open,foe,gap,0,0,
f,f,oeu,open,foeu,gap,0,0,
f,f,ou,open,fou,gap,0,0,
f,f,u,open,fu,attested,106,100,仆夫父付㕮妋孚㠸扶甫邞姇
f,f,ua,open,fua,gap,0,0,
f,f,uae,open,fuae,gap,0,0,
f,f,ue,open,fue,attested,52,51,夫父㕮扶坿枎泭芙附枹玸胕
f,f,ueo,open,fueo,gap,0,0,
f,f,wa,open,fwa,gap,0,0,
f,f,wae,open,fwae,gap,0,0,
f,f,yeo,open,fyeo,gap,0,0,
f,f,yeou,open,fyeou,gap,0,0,
g,g,aan,n,gaan,attested,19,18,柬揀閒間靬暕僴蕑艱簡襇覸
g,g,aen,n,gaen,gap,0,0,
g,g,an,n,gan,attested,46,45,干仠奸忓汗邗旰杆玕肝迀皯
g,g,en,n,gen,attested,3,3,甄薽籈
g,g,eon,n,geon,gap,0,0,
g,g,ian,n,gian,gap,0,0,
g,g,ien,n,gien,gap,0,0,
g,g,in,n,gin,attested,37,37,巾幵見肩胗垷挸堅猏豜菺筧
g,g,n,n,gn,gap,0,0,
g,g,oen,n,goen,gap,0,0,
g,g,on,n,gon,attested,10,8,艮根珢茛詪跟䫀𣥦
g,g,uaen,n,guaen,attested,5,4,卷圈菌𧯦
g,g,uan,n,guan,attested,2,2,絭卛
g,g,uen,n,guen,attested,44,39,卷芹近帣弮宭帬桊狷郡埢捲
g,g,ueon,n,gueon,attested,32,32,卷狋倦拳圈婘捲淃犈萒蜎觠
g,g,uin,n,guin,attested,33,31,𡿨汮汱畎埍涓狷焆莙瓹睊罥
g,g,un,n,gun,attested,39,37,斤劤君呁均汮巹軍宭捃袀堇
g,g,waan,n,gwaan,attested,4,3,綸鰥䤽
g,g,waen,n,gwaen,attested,1,1,𡰝
g,g,wan,n,gwan,attested,62,48,毌丱串官冠倌𠴨婠悺涫脘莞
g,g,woen,n,gwoen,gap,0,0,
g,g,won,n,gwon,attested,39,37,丨昆衮崐惃晜猑琨琯菎睔睴
g,g,wyn,n,gwyn,attested,10,10,㖥莙窘䐃菌僒箘蜠蔨㻒
g,g,yeon,n,gyeon,gap,0,0,
g,g,yn,n,gyn,attested,17,16,堇僅墐廑㨷歏殣瑾瘽魿覲饉
g,g,aam,m,gaam,attested,10,6,監礛鑑鑒㔋𥌈
g,g,aem,m,gaem,gap,0,0,
g,g,am,m,gam,attested,37,32,甘泔弇柑苷淦紺媣敢感蜬澉
g,g,em,m,gem,attested,13,13,玪減尲瑊緘䌠鹻黬鹼䫡𥳒𪉦
g,g,eom,m,geom,attested,14,14,拑芡鈐雂鉆鉗箝儉羬鳹黔鍼
g,g,iem,m,giem,gap,0,0,
g,g,im,m,gim,attested,24,22,今金兼衿禁蒹僸趝縑錦黅㯲
g,g,m,m,gm,gap,0,0,
g,g,oem,m,goem,gap,0,0,
g,g,om,m,gom,gap,0,0,
g,g,ym,m,gym,attested,37,35,庈㪁芩笒紟耹唫捦琴鈙雂禽
g,g,yom,m,gyom,gap,0,0,
g,g,aang,ng,gaang,attested,41,38,更京庚秔哽埂挭浭郠梗竟景
g,g,aeng,ng,gaeng,attested,36,30,弜狂俇倞剠勍弶強軖勥葝誆
g,g,ang,ng,gang,attested,76,74,亢扛江杠玒肛岡牨矼苀迋迒
g,g,eng,ng,geng,attested,29,28,冋巠坰炅俓剄扃炯徑涇桱烴
g,g,eong,ng,geong,gap,0,0,
g,g,iaang,ng,giaang,gap,0,0,
g,g,iang,ng,giang,gap,0,0,
g,g,ieng,ng,gieng,gap,0,0,
g,g,ing,ng,ging,attested,4,4,勁矜兢頸
g,g,iong,ng,giong,gap,0,0,
g,g,iung,ng,giung,gap,0,0,
g,g,oeng,ng,goeng,attested,18,17,共邛桏䅃筇舼蛩蛬輁䂬𠌖𤤶
g,g,ong,ng,gong,attested,32,29,孓廾共巩攻供拱䢼恭拲㧬栱
g,g,uaang,ng,guaang,attested,6,6,囧煚憬暻璟臩
g,g,ueng,ng,gueng,attested,3,3,窮藭𥨪
g,g,ung,ng,gung,attested,38,37,工弓公功亘攻玒疘羾虹宮蚣
g,g,waang,ng,gwaang,attested,13,13,侊觥獷觵礦穬鑛䍔䵃𣘯𨥥𩃙
g,g,waeng,ng,gwaeng,gap,0,0,
g,g,wang,ng,gwang,attested,18,16,光灮侊垙恍洸桄胱茪輄僙廣
g,g,wueng,ng,gwueng,gap,0,0,
g,g,wung,ng,gwung,attested,2,2,肱𩉦
g,g,yang,ng,gyang,gap,0,0,
g,g,yeng,ng,gyeng,gap,0,0,
g,g,yeong,ng,gyeong,gap,0,0,
g,g,yng,ng,gyng,attested,27,25,涇殑赹惸焭痙煢睘葝嬛憌璚
g,g,aay,y,gaay,attested,11,9,佳街解廨懈檞薢繲㾏
g,g,aey,y,gaey,attested,3,3,拐戤箉
g,g,ay,y,gay,attested,35,35,丯价尬㠹屆玠垓姟界砎悈胲
g,g,eoy,y,geoy,attested,21,20,刏圻岓俟祈旂蚚崎幾碕頎畿
g,g,ey,y,gey,attested,27,25,旡刏旣幾蔇僟漑嘰曁機璣磯
g,g,uy,y,guy,attested,36,35,介戒改侅芥峐疥皆郂陔晐荄
g,g,waay,y,gwaay,attested,9,8,卦挂枴罣腡騧𠁥𡐠
g,g,waey,y,gwaey,attested,7,7,掛媧歄詿緺蝸𧬭
g,g,way,y,gway,attested,32,32,刏乖怪㧔恠傀幗慖瑰憒䈐䐴
g,g,wey,y,gwey,attested,7,7,鬼貴瞶歸騩㱕𠐽
g,g,wy,y,gwy,attested,50,46,艽臾悸頄馗揆湀猤逵鄈戣楑
g,g,y,y,gy,attested,111,104,示伎弜𨙸妓岐忌忯技汥其歧
g,g,yay,y,gyay,gap,0,0,
g,g,aaw,w,gaaw,gap,0,0,
g,g,aew,w,gaew,gap,0,0,
g,g,aw,w,gaw,attested,87,78,夰交芁告佼咎杲咬姣狡郊倃
g,g,eow,w,geow,attested,19,18,喬僑嬌㝯嶠橋蕎䀉蟜趫蹻轎
g,g,ew,w,gew,attested,21,19,喬嬌憍撟敽蕎矯穚簥蟜譑蹻
g,g,iaew,w,giaew,gap,0,0,
g,g,iaw,w,giaw,gap,0,0,
g,g,iew,w,giew,gap,0,0,
g,g,iw,w,giw,attested,28,27,丩九久勼朻灸玖究疚韭救猶
g,g,oew,w,goew,gap,0,0,
g,g,ow,w,gow,attested,51,47,句岣怐狗垢姤敂枸玽耇苟冓
g,g,yeow,w,gyeow,gap,0,0,
g,g,aei,i,gaei,gap,0,0,
g,g,ai,i,gai,attested,5,5,丐匃犗蓋𧜅
g,g,i,i,gi,attested,82,78,几己卟妀机肌妓庋其居枅虮
g,g,uei,i,guei,gap,0,0,
g,g,waei,i,gwaei,gap,0,0,
g,g,wai,i,gwai,attested,21,20,巜夬會儈劊䐴廥澮獪鄶檜膾
g,g,wi,i,gwi,attested,86,82,宄氿圭朹庋佹季昋炅炔垝姽
g,g,aak,k,gaak,attested,14,14,挌格茖蛒觡鉻骼鵅㦴𢓜𢼛𩹺
g,g,aek,k,gaek,attested,1,1,𧾛
g,g,ak,k,gak,attested,65,64,各角珏革捔格胳鬲埻崞桷梏
g,g,ek,k,gek,attested,16,16,狊湨郹敫犑墼激獥擊轚鶪鼳
g,g,eok,k,geok,gap,0,0,
g,g,iaak,k,giaak,gap,0,0,
g,g,iak,k,giak,gap,0,0,
g,g,iek,k,giek,gap,0,0,
g,g,ik,k,gik,attested,11,11,亟苟悈棘殛蕀襋㥛㻷𡕮𧩦
g,g,iok,k,giok,gap,0,0,
g,g,iuk,k,giuk,gap,0,0,
g,g,oek,k,goek,gap,0,0,
g,g,ok,k,gok,attested,9,9,告郜梏牿祰䅵䶜䧊䧼
g,g,uaak,k,guaak,gap,0,0,
g,g,uek,k,guek,gap,0,0,
g,g,uk,k,guk,attested,21,21,谷唂國裓榖瑴穀糓濲轂孂䀰
g,g,waak,k,gwaak,attested,5,5,唬虢㶁𢼛𧭣
g,g,waek,k,gwaek,gap,0,0,
g,g,yeok,k,gyeok,gap,0,0,
g,g,yk,k,gyk,attested,1,1,極
g,g,aach,ch,gaach,attested,8,8,丮谻戟撠𢜭𤜾𦺩𩯋
g,g,ach,ch,gach,attested,16,16,卻脚腳屩蹻矍彏攫玃貜躩钁
g,g,aech,ch,gaech,attested,20,20,谷屐劇噱臄蹻醵戄貜㘌䐘䣤
g,g,och,ch,goch,attested,12,12,𦥑拲挶梮絭輂鋦㮂䋰䡞𦅽𧤑
g,g,oech,ch,goech,attested,5,5,局侷跼駶䎤
g,g,uch,ch,guch,attested,33,33,臼匊㘲泦掬椈菊諊趜踘閰鞠
g,g,uech,ch,guech,attested,12,12,毱趜踘鞠鵴驧䗇䜯䱡𠤄𩣽𪁁
g,g,aat,t,gaat,attested,21,21,圿忦扴砎戛秸袺楔㮖劀嘎稭
g,g,aet,t,gaet,gap,0,0,
g,g,at,t,gat,attested,19,19,匃刮割猰葛趏劀䈓擖獦輵鴰
g,g,eot,t,geot,gap,0,0,
g,g,et,t,get,attested,25,24,吉抉狤疦郆觖訣趹絜鈌趌魝
g,g,iat,t,giat,gap,0,0,
g,g,iet,t,giet,gap,0,0,
g,g,it,t,git,attested,25,24,決㭈玦芵拮洁桔蚗赽結袺鍥
g,g,oet,t,goet,gap,0,0,
g,g,ot,t,got,gap,0,0,
g,g,t,t,gt,gap,0,0,
g,g,uet,t,guet,attested,11,11,倔䞘堀崛掘𡲬䘿䠇𡲗𢇓𧱝
g,g,ut,t,gut,attested,23,23,孒吃扢屈訖厥趉曁橘繘鶌䠇
g,g,waet,t,gwaet,gap,0,0,
g,g,wat,t,gwat,attested,21,21,佸括活栝䒷适筈聒萿葀銛劊
g,g,woet,t,gwoet,gap,0,0,
g,g,wot,t,gwot,attested,16,16,扢汩骨啒淈䓛尳愲滑榾蓇縎
g,g,yeot,t,gyeot,gap,0,0,
g,g,yt,t,gyt,attested,5,5,佶姞狤趌鮚
g,g,aets,ts,gaets,attested,18,18,亅赶掘揭楬碣竭撅憠橜蹷鷢
g,g,ats,ts,gats,attested,25,25,𠄌孒氒欮訐厥揭劂撅瘚羯橜
g,g,eots,ts,geots,attested,14,14,杰桀偈傑揭渴嵥搩楬滐榤碣
g,g,ets,ts,gets,attested,11,11,孑訐揭罬趌蹶䅥䞵𧣸𧱝𨥂
g,g,aap,p,gaap,attested,5,5,甲玾胛𠩘𨒇
g,g,aep,p,gaep,attested,5,5,押梜鉀𥑐𩌍
g,g,ap,p,gap,attested,29,29,合㠷佮匌郃㪉㭘浩砝蛤嗑鉀
g,g,eop,p,geop,gap,0,0,
g,g,ep,p,gep,attested,15,15,夾郟袷筴裌跲餄鞈韐鵊㿓䀫
g,g,iep,p,giep,gap,0,0,
g,g,ip,p,gip,attested,20,20,伋彶汲皀芨急唊級梜莢給筴
g,g,oep,p,goep,gap,0,0,
g,g,op,p,gop,gap,0,0,
g,g,p,p,gp,gap,0,0,
g,g,yp,p,gyp,attested,7,7,及苙笈㧀䲯𦶍𨕤
g,g,eov,v,geov,attested,10,7,极昅㭘笈衱跲𩾳
g,g,ev,v,gev,attested,11,10,劫砝衱袷蜐跲鉣鵖䀷𦀖
g,g,ov,v,gov,gap,0,0,
g,g,aenn,nn,gaenn,attested,8,8,赶健寋楗腱鍵𠐻𥴤
g,g,ann,nn,gann,attested,19,19,建揵湕靬旔犍腱蹇鞬騝㓺㔓
g,g,enn,nn,genn,attested,11,11,搴謇蹇藆䙭𠐻𡾰𢵈𢷘𦂇𩽜
g,g,eonn,nn,geonn,attested,13,12,件虔乾揵犍榩鍵騝鰬鑳𡾰𨜻
g,g,onn,nn,gonn,gap,0,0,
g,g,aeyh,h,gaeyh,attested,1,1,𤜂
g,g,ah,h,gah,attested,1,1,迦
g,g,ayh,h,gayh,gap,0,0,
g,g,emh,h,gemh,attested,3,3,劔檢瞼
g,g,eomh,h,geomh,gap,0,0,
g,g,ueh,h,gueh,attested,58,53,巨拒虯歫炬苣觓秬淭粔渠腒
g,g,uh,h,guh,attested,43,41,朻車居弆糾柜赳倨崌据涺莒
g,g,r,r,gr,gap,0,0,
g,g,,open,g,gap,0,0,
g,g,a,open,ga,attested,48,43,加叚架枷珈茄迦家痂假笳袈
g,g,aa,open,gaa,attested,18,18,个妿戕柯牁個哥哿笴舸菏滒
g,g,ae,open,gae,attested,3,3,伽枷茄
g,g,au,open,gau,attested,17,16,叫訆釗皎敫嘂噭憿獥蟂邀皦
g,g,e,open,ge,attested,8,8,彐訐猘罽瀱蘮𣯅𦇧
g,g,eo,open,geo,attested,1,1,偈
g,g,eou,open,geou,attested,7,6,荍嘺翹䎗𧄍𤖻
g,g,eu,open,geu,attested,16,15,恔晈梟儌澆徼激璬繳譥驍㿟
g,g,ia,open,gia,gap,0,0,
g,g,iaeu,open,giaeu,gap,0,0,
g,g,iau,open,giau,gap,0,0,
g,g,ie,open,gie,gap,0,0,
g,g,ieu,open,gieu,gap,0,0,
g,g,iou,open,giou,gap,0,0,
g,g,iu,open,giu,attested,58,57,仇厹叴扏犰朹肍臼艽求咎䊵
g,g,o,open,go,attested,64,60,夃古估呱固姑孤沽泒股故柧
g,g,oe,open,goe,gap,0,0,
g,g,oeu,open,goeu,gap,0,0,
g,g,ou,open,gou,gap,0,0,
g,g,u,open,gu,attested,35,33,句岣怐拘邭枸俱捄痀眗矩絇
g,g,ua,open,gua,gap,0,0,
g,g,uae,open,guae,attested,1,1,瘸
g,g,ue,open,gue,attested,48,47,句劬具姁斪眗埧絇翑蚼軥葋
g,g,ueo,open,gueo,gap,0,0,
g,g,wa,open,gwa,attested,50,44,戈瓜冎划坬果剮婐惈猓堝媧
g,g,wae,open,gwae,gap,0,0,
g,g,yeo,open,gyeo,gap,0,0,
g,g,yeou,open,gyeou,gap,0,0,
h,h,aan,n,haan,attested,1,1,羴
h,h,aen,n,haen,attested,66,59,忓扞汗邗旱矸邯虷限垾娨悍
h,h,an,n,han,attested,18,14,厂焊頇漢暵熯蔊𤳉鼾灘䍐䎯
h,h,en,n,hen,attested,4,4,屳嘕嫣𦒜
h,h,eon,n,heon,gap,0,0,
h,h,ian,n,hian,attested,7,7,掀蓒幰攇瀗獻鶱
h,h,ien,n,hien,attested,7,7,軒憲䘆䜢䞿䡣𧾨
h,h,in,n,hin,attested,13,13,抮祆脪衅訮蜆舋韅顯釁㾙𣊡
h,h,n,n,hn,gap,0,0,
h,h,oen,n,hoen,attested,12,12,很恨拫紇淈痕麧鞎齕㯊䓳𥝖
h,h,on,n,hon,attested,10,8,昏婚惛棔殙閽𣣏𦃕
h,h,uaen,n,huaen,attested,45,42,丸幻汍肒芄宦洹狟紈郇院梡
h,h,uan,n,huan,attested,30,28,吅咺烜喛喧愃愋塤暄暅楥楦
h,h,uen,n,huen,attested,11,10,弲儇頨嬛翾蠉譞𥌭𧾎𧾣
h,h,ueon,n,hueon,gap,0,0,
h,h,uin,n,huin,attested,13,12,㧦㘣梋眴絃絢夐鋗駽矎讂𧾣
h,h,un,n,hun,attested,30,27,庍忻邤昕欣炘訓焄脪訢勛焮
h,h,waan,n,hwaan,gap,0,0,
h,h,waen,n,hwaen,attested,45,42,完峘垸捖桓浣荁患晥寏嵈棵
h,h,wan,n,hwan,attested,21,21,犿奐喚喛渙煥貆鴅嚾懽獾酄
h,h,woen,n,hwoen,attested,44,40,忶沄俒倱圂掍混堚棍渾焜楎
h,h,won,n,hwon,gap,0,0,
h,h,wyn,n,hwyn,attested,42,36,玄泫姰炫玹盷胘訇埍玆眩迿
h,h,yeon,n,hyeon,gap,0,0,
h,h,yn,n,hyn,attested,34,34,伭見弦臤俔胘哯垷峴涀痃婱
h,h,aam,m,haam,attested,5,5,譀豃闞㒈㺖
h,h,aem,m,haem,attested,39,32,含肣炶唅涵琀莟欿菡筨蜭銜
h,h,am,m,ham,attested,23,21,唅蚶喊谽嬜憨馠嚂歛蘫㟏㯺
h,h,em,m,hem,attested,8,8,妗欦喊闞㰹䩂𧍧𧮰
h,h,eom,m,heom,attested,24,24,函臽咸陷喊㮀減椷甉稴諴輱
h,h,iem,m,hiem,attested,15,14,杴姭脅嶮憸獫險譣蘞玁㛍㿌
h,h,im,m,him,attested,12,11,妗欦歆廞嬜䌠馦䵌㽎㽐㾾
h,h,m,m,hm,gap,0,0,
h,h,oem,m,hoem,attested,34,32,函邯圅浛梒淊酣煔甝䈄蜬鋡
h,h,om,m,hom,gap,0,0,
h,h,ym,m,hym,attested,4,4,嫌稴鼸㺌
h,h,yom,m,hyom,gap,0,0,
h,h,aang,ng,haang,attested,4,4,亨悙脝䛭
h,h,aeng,ng,haeng,attested,63,52,夅行吭抗杏沆邟幸杭肮苀迒
h,h,ang,ng,hang,attested,13,13,忼汻肛㰠炕舡酐啌傋䐠谾𢞡
h,h,eng,ng,heng,attested,3,3,蛵馨𠷓
h,h,eong,ng,heong,attested,26,24,刑形邢侀型娙陘婞桯涬硎脛
h,h,iaang,ng,hiaang,gap,0,0,
h,h,iang,ng,hiang,attested,21,18,向亨皀亯香珦鄉萫曏膷薌嚮
h,h,ieng,ng,hieng,gap,0,0,
h,h,ing,ng,hing,attested,14,12,詗敻興醟嬹矎臖𣢝𧵣𨞾𩈡𩜁
h,h,iong,ng,hiong,attested,13,11,凶兇匈恟洶胷訩詾銎𣧑𧧗
h,h,iung,ng,hiung,attested,2,2,䠗𧽒
h,h,oeng,ng,hoeng,attested,6,4,洚㗢䃔𩘎
h,h,ong,ng,hong,gap,0,0,
h,h,uaang,ng,huaang,attested,2,2,兄𦬺
h,h,ueng,ng,hueng,attested,34,32,仜汞哄峘恒洚洪䉺紅虹烘訌
h,h,ung,ng,hung,attested,10,9,叿烘嗊魟谾𩐠戇𢦅𩗄
h,h,waang,ng,hwaang,attested,5,5,喤諻謍嚝䎕
h,h,waeng,ng,hwaeng,attested,80,72,卝吰宏宖皇竑晃浤紘翃耾偟
h,h,wang,ng,hwang,attested,34,29,巟㠵肓衁訇荒揈渹慌㬻輷鍧
h,h,wueng,ng,hwueng,attested,3,3,弘苰鞃
h,h,wung,ng,hwung,attested,5,5,薨𠐿𤃫𩖉𩙛
h,h,yang,ng,hyang,attested,6,6,况怳況貺𣍦𧧢
h,h,yeng,ng,hyeng,attested,1,1,詗
h,h,yeong,ng,hyeong,attested,11,11,冋泂炯迥滎熒螢褮䁝𦳖𧵣
h,h,yng,ng,hyng,gap,0,0,
h,h,aay,y,haay,attested,3,3,謑㗨㰨
h,h,aey,y,haey,attested,56,52,亥侅劾咳孩㧡衸械湝絯瑎解
h,h,ay,y,hay,attested,17,17,咍海欸儗噧橀醢譮齂㖑㞒㾂
h,h,eoy,y,heoy,gap,0,0,
h,h,ey,y,hey,attested,35,30,希忥俙唏悕氣晞桸欷莃塈摡
h,h,uy,y,huy,gap,0,0,
h,h,waay,y,hwaay,attested,6,6,扮諣竵𡁑𦶎𩝨
h,h,waey,y,hwaey,attested,62,59,回佪徊洄烠茴蚘蚚迴淮罣畫
h,h,way,y,hway,attested,30,28,灰咶秏虺悔豗晦痗蛕詯賄誨
h,h,wey,y,hwey,attested,22,21,卉虫泋芔虺揮暉楎煇幑翬褘
h,h,wy,y,hwy,attested,36,36,畦眭窐惠携慧憓潓橞蕙繐蟪
h,h,y,y,hy,attested,32,31,兮妎系盻郋奚胿傒嵇徯慀榽
h,h,yay,y,hyay,attested,7,7,喙餯顪䂕𣨶𤸁𧾣
h,h,aaw,w,haaw,gap,0,0,
h,h,aew,w,haew,attested,35,34,号夰昊昦浩崤晧毫滈號鄗噑
h,h,aw,w,haw,attested,7,6,好茠蒿薧藃𧯌
h,h,eow,w,heow,gap,0,0,
h,h,ew,w,hew,attested,6,5,秏撓薅𡚽𣐾
h,h,iaew,w,hiaew,attested,33,32,爻佼効肴姣洨䂚俲倄效校笅
h,h,iaw,w,hiaw,attested,22,19,灱孝哮庨涍虓猇窙嗃詨嘐穘
h,h,iew,w,hiew,attested,10,10,呺枵歊獢藃嚻毊虈𤣠𩱴
h,h,iw,w,hiw,gap,0,0,
h,h,oew,w,hoew,attested,46,40,后侯厚垕後矦郈逅喉堠帿猴
h,h,ow,w,how,attested,19,17,佝吼吽呴怐㰯蚼訽豞詬蔻齁
h,h,yeow,w,hyeow,gap,0,0,
h,h,aei,i,haei,attested,5,5,夆妎害㕢𢞐
h,h,ai,i,hai,attested,7,7,餀𦤦㺔䜕𤵽𦤬𩹄
h,h,i,i,hi,attested,71,67,匸忚忾呬咦屎娭屓涀桸焁羛
h,h,uei,i,huei,gap,0,0,
h,h,waei,i,hwaei,attested,6,6,會話禬繪䢈𨘇
h,h,wai,i,hwai,attested,7,7,咶渙噦濊翽鐬𧬨
h,h,wi,i,hwi,attested,43,38,侐倠烜婎眭噅毀毁睢隓嘒睳
h,h,aak,k,haak,attested,5,5,赫嚇爀𢅰𥋿
h,h,aek,k,haek,attested,51,51,佫咟垎狢核涸畫确楁滆貈貉
h,h,ak,k,hak,attested,54,52,㕰捇郝剨掝焃湱豿嗀嗃滈鄗
h,h,ek,k,hek,attested,16,16,狊砉㤸殈赥焱瞁䈪䦧㦦𣣉𤄎
h,h,eok,k,heok,attested,8,8,椺覡獥檄薂鸄䚫𪕯
h,h,iaak,k,hiaak,attested,1,1,虩
h,h,iak,k,hiak,attested,5,5,謔矆彏戄䂄
h,h,iek,k,hiek,gap,0,0,
h,h,ik,k,hik,attested,21,21,侐洫淢赩瞁緎閾㰲䀌䦗䵱𠷾
h,h,iok,k,hiok,attested,5,5,旭勗頊𩔴𩪉
h,h,iuk,k,hiuk,attested,10,10,畜荲慉鄐蓄稸蓫㜅𤲸𥈆
h,h,oek,k,hoek,attested,8,8,隺𤌍㿥翯頶礐鵠𨴬
h,h,ok,k,hok,attested,4,4,歊熇嚛臛
h,h,uaak,k,huaak,gap,0,0,
h,h,uek,k,huek,attested,20,20,劾或斛焀惑蜮槲蔛縠螜觳礐
h,h,uk,k,huk,attested,12,12,黑嗀熇潶豰嚛㱄㷤𢃤𥇙𦞦𧹲
h,h,waak,k,hwaak,attested,8,8,砉硅湱漷諕謋𢝇𦒧
h,h,waek,k,hwaek,attested,2,2,嚄𡄴
h,h,yeok,k,hyeok,gap,0,0,
h,h,yk,k,hyk,gap,0,0,
h,h,aach,ch,haach,gap,0,0,
h,h,ach,ch,hach,gap,0,0,
h,h,aech,ch,haech,gap,0,0,
h,h,och,ch,hoch,gap,0,0,
h,h,oech,ch,hoech,gap,0,0,
h,h,uch,ch,huch,gap,0,0,
h,h,uech,ch,huech,gap,0,0,
h,h,aat,t,haat,attested,2,2,傄䀨
h,h,aet,t,haet,attested,45,45,舌咶姡曷砎敌毼滑猾舝骱磆
h,h,at,t,hat,attested,6,6,喝暍𦤦㿣䫘𩡔
h,h,eot,t,heot,gap,0,0,
h,h,et,t,het,attested,6,6,㔠猲瞎𠿒𩮂𪗾
h,h,iat,t,hiat,attested,11,11,泧狘猲歇蠍㞽䎀䟠䬂𤢔𦪬
h,h,iet,t,hiet,attested,8,8,吷娎烕焎𣧡𥄎𦐋𩖶
h,h,it,t,hit,attested,24,24,血決坹泬肸咭恄欪疦欯褉瞲
h,h,oet,t,hoet,gap,0,0,
h,h,ot,t,hot,gap,0,0,
h,h,t,t,ht,gap,0,0,
h,h,uet,t,huet,gap,0,0,
h,h,ut,t,hut,attested,20,20,仡忔汔迄怴肸烼莔釳欻獝㗵
h,h,waet,t,hwaet,attested,8,8,佸姡活秳越鬠䄆𣽅
h,h,wat,t,hwat,attested,8,8,泧眓奯濊豁𣁳𤃴𧯆
h,h,woet,t,hwoet,attested,10,10,扢抇尳搰滑鶻㨡𡰅𣝗𦗣
h,h,wot,t,hwot,attested,17,17,忽昒曶匫笏啒惚寣㦌㾁䩐䬍
h,h,yeot,t,hyeot,gap,0,0,
h,h,yt,t,hyt,attested,25,25,穴坹籺紇頁奊袕絜翓頡擷齕
h,h,aets,ts,haets,gap,0,0,
h,h,ats,ts,hats,gap,0,0,
h,h,eots,ts,heots,gap,0,0,
h,h,ets,ts,hets,gap,0,0,
h,h,aap,p,haap,attested,4,4,呷譀䛅𣢗
h,h,aep,p,haep,attested,32,32,合匣狎柙炠郃㭘盍盒笚翈耠
h,h,ap,p,hap,attested,7,5,欱㽺㾑𣣹𩵢
h,h,eop,p,heop,attested,14,14,洽峽烚狹珨陜祫硤陿䞩䨐𢈙
h,h,ep,p,hep,attested,4,4,欱敮㰰䶎
h,h,iep,p,hiep,attested,9,9,拹脅嗋愶熁㢵𣢩𣣲𣹩
h,h,ip,p,hip,attested,16,16,吸偞弽翕翖噏嬆潝歙熻闟㛍
h,h,oep,p,hoep,gap,0,0,
h,h,op,p,hop,gap,0,0,
h,h,p,p,hp,gap,0,0,
h,h,yp,p,hyp,attested,10,10,叶劦協俠挾綊勰𠗉𢂐𤙒
h,h,eov,v,heov,gap,0,0,
h,h,ev,v,hev,gap,0,0,
h,h,ov,v,hov,gap,0,0,
h,h,aenn,nn,haenn,gap,0,0,
h,h,ann,nn,hann,gap,0,0,
h,h,enn,nn,henn,gap,0,0,
h,h,eonn,nn,heonn,gap,0,0,
h,h,onn,nn,honn,gap,0,0,
h,h,aeyh,h,haeyh,gap,0,0,
h,h,ah,h,hah,gap,0,0,
h,h,ayh,h,hayh,gap,0,0,
h,h,emh,h,hemh,gap,0,0,
h,h,eomh,h,heomh,gap,0,0,
h,h,ueh,h,hueh,gap,0,0,
h,h,uh,h,huh,gap,0,0,
h,h,r,r,hr,gap,0,0,
h,h,,open,h,gap,0,0,
h,h,a,open,ha,attested,17,15,襾呀岈疨唬谺煆閜颬嚇罅謑
h,h,aa,open,haa,attested,12,9,呵抲㪃㪋訶㗿㰤㱒𩑸
h,h,ae,open,hae,attested,35,31,丅下何芐河苛夏荷蚵袔菏賀
h,h,au,open,hau,gap,0,0,
h,h,e,open,he,gap,0,0,
h,h,eo,open,heo,gap,0,0,
h,h,eou,open,heou,attested,10,10,朽庥珛殠髤鵂齅㵻㹯𦜵
h,h,eu,open,heu,attested,6,5,噓鄦歔飍𥛳
h,h,ia,open,hia,gap,0,0,
h,h,iaeu,open,hiaeu,attested,5,5,芍皛㵿𠄔𦯪
h,h,iau,open,hiau,attested,7,7,嘵憢曉㚠䥵𢿿𦟞
h,h,ie,open,hie,gap,0,0,
h,h,ieu,open,hieu,attested,7,6,娎嬈膮皢䎄䫞
h,h,iou,open,hiou,attested,10,10,休咻脙貅嘼㱙㽲㾋䰍𩢮
h,h,iu,open,hiu,attested,5,5,烋虚許驉魖
h,h,o,open,ho,attested,26,24,虍呼戽虎恗苸虖琥萀軤葫嘑
h,h,oe,open,hoe,attested,36,34,互乎冱帍芐岵狐瓳𠴱婟扈瓠
h,h,oeu,open,hoeu,gap,0,0,
h,h,ou,open,hou,attested,34,34,戸弧怙戽昈枑洿胡祜虖壺湖
h,h,u,open,hu,attested,38,33,吁扜旴呴姁盱咻昫欨栩珝荂
h,h,ua,open,hua,attested,4,4,靴㗾鞾𢪎
h,h,uae,open,huae,gap,0,0,
h,h,ue,open,hue,gap,0,0,
h,h,ueo,open,hueo,gap,0,0,
h,h,wa,open,hwa,attested,13,13,匕化火邩杹花貨華諣譁𧪮𩲏
h,h,wae,open,hwae,attested,47,41,禾划㕦咊和俰盉崋釫華稞觟
h,h,yeo,open,hyeo,gap,0,0,
h,h,yeou,open,hyeou,gap,0,0,
j,j,aan,n,jaan,gap,0,0,
j,j,aen,n,jaen,gap,0,0,
j,j,an,n,jan,gap,0,0,
j,j,en,n,jen,gap,0,0,
j,j,eon,n,jeon,gap,0,0,
j,j,ian,n,jian,gap,0,0,
j,j,ien,n,jien,gap,0,0,
j,j,in,n,jin,attested,5,5,秦盡螓濜𤚩
j,j,n,n,jn,gap,0,0,
j,j,oen,n,joen,gap,0,0,
j,j,on,n,jon,gap,0,0,
j,j,uaen,n,juaen,gap,0,0,
j,j,uan,n,juan,gap,0,0,
j,j,uen,n,juen,gap,0,0,
j,j,ueon,n,jueon,gap,0,0,
j,j,uin,n,juin,gap,0,0,
j,j,un,n,jun,gap,0,0,
j,j,waan,n,jwaan,gap,0,0,
j,j,waen,n,jwaen,gap,0,0,
j,j,wan,n,jwan,gap,0,0,
j,j,woen,n,jwoen,gap,0,0,
j,j,won,n,jwon,gap,0,0,
j,j,wyn,n,jwyn,gap,0,0,
j,j,yeon,n,jyeon,gap,0,0,
j,j,yn,n,jyn,gap,0,0,
j,j,aam,m,jaam,gap,0,0,
j,j,aem,m,jaem,gap,0,0,
j,j,am,m,jam,gap,0,0,
j,j,em,m,jem,gap,0,0,
j,j,eom,m,jeom,gap,0,0,
j,j,iem,m,jiem,gap,0,0,
j,j,im,m,jim,gap,0,0,
j,j,m,m,jm,gap,0,0,
j,j,oem,m,joem,gap,0,0,
j,j,om,m,jom,gap,0,0,
j,j,ym,m,jym,gap,0,0,
j,j,yom,m,jyom,gap,0,0,
j,j,aang,ng,jaang,attested,26,22,丈仗朾虰瓺萇瑒幢憕鋥橙橦
j,j,aeng,ng,jaeng,gap,0,0,
j,j,ang,ng,jang,attested,29,26,玎爭長埩帳掌裝彰漳獐箏綪
j,j,eng,ng,jeng,attested,9,9,珵𨜓酲憕澂澄鄭懲𣵹
j,j,eong,ng,jeong,attested,10,10,佂怔脀禎徵撜整𦚦𨋬𨟃
j,j,iaang,ng,jiaang,gap,0,0,
j,j,iang,ng,jiang,gap,0,0,
j,j,ieng,ng,jieng,gap,0,0,
j,j,ing,ng,jing,attested,18,17,井氏婧旌旍晶菁睛箐精聙蜻
j,j,iong,ng,jiong,gap,0,0,
j,j,iung,ng,jiung,gap,0,0,
j,j,oeng,ng,joeng,attested,9,9,抍征𨜓蒸䕄篜證𣃘𧘿
j,j,ong,ng,jong,attested,7,6,泈衆潨鴤螽𧑄
j,j,uaang,ng,juaang,gap,0,0,
j,j,ueng,ng,jueng,gap,0,0,
j,j,ung,ng,jung,attested,6,6,忠柊終蔠䝦䶱
j,j,waang,ng,jwaang,gap,0,0,
j,j,waeng,ng,jwaeng,gap,0,0,
j,j,wang,ng,jwang,gap,0,0,
j,j,wueng,ng,jwueng,gap,0,0,
j,j,wung,ng,jwung,gap,0,0,
j,j,yang,ng,jyang,gap,0,0,
j,j,yeng,ng,jyeng,gap,0,0,
j,j,yeong,ng,jyeong,gap,0,0,
j,j,yng,ng,jyng,gap,0,0,
j,j,aay,y,jaay,gap,0,0,
j,j,aey,y,jaey,gap,0,0,
j,j,ay,y,jay,gap,0,0,
j,j,eoy,y,jeoy,gap,0,0,
j,j,ey,y,jey,gap,0,0,
j,j,uy,y,juy,gap,0,0,
j,j,waay,y,jwaay,gap,0,0,
j,j,waey,y,jwaey,gap,0,0,
j,j,way,y,jway,gap,0,0,
j,j,wey,y,jwey,gap,0,0,
j,j,wy,y,jwy,gap,0,0,
j,j,y,y,jy,gap,0,0,
j,j,yay,y,jyay,gap,0,0,
j,j,aaw,w,jaaw,gap,0,0,
j,j,aew,w,jaew,gap,0,0,
j,j,aw,w,jaw,gap,0,0,
j,j,eow,w,jeow,gap,0,0,
j,j,ew,w,jew,gap,0,0,
j,j,iaew,w,jiaew,gap,0,0,
j,j,iaw,w,jiaw,gap,0,0,
j,j,iew,w,jiew,gap,0,0,
j,j,iw,w,jiw,gap,0,0,
j,j,oew,w,joew,gap,0,0,
j,j,ow,w,jow,gap,0,0,
j,j,yeow,w,jyeow,gap,0,0,
j,j,aei,i,jaei,gap,0,0,
j,j,ai,i,jai,gap,0,0,
j,j,i,i,ji,gap,0,0,
j,j,uei,i,juei,gap,0,0,
j,j,waei,i,jwaei,gap,0,0,
j,j,wai,i,jwai,gap,0,0,
j,j,wi,i,jwi,gap,0,0,
j,j,aak,k,jaak,gap,0,0,
j,j,aek,k,jaek,gap,0,0,
j,j,ak,k,jak,gap,0,0,
j,j,ek,k,jek,gap,0,0,
j,j,eok,k,jeok,gap,0,0,
j,j,iaak,k,jiaak,gap,0,0,
j,j,iak,k,jiak,gap,0,0,
j,j,iek,k,jiek,gap,0,0,
j,j,ik,k,jik,gap,0,0,
j,j,iok,k,jiok,gap,0,0,
j,j,iuk,k,jiuk,gap,0,0,
j,j,oek,k,joek,gap,0,0,
j,j,ok,k,jok,gap,0,0,
j,j,uaak,k,juaak,gap,0,0,
j,j,uek,k,juek,gap,0,0,
j,j,uk,k,juk,gap,0,0,
j,j,waak,k,jwaak,gap,0,0,
j,j,waek,k,jwaek,gap,0,0,
j,j,yeok,k,jyeok,gap,0,0,
j,j,yk,k,jyk,gap,0,0,
j,j,aach,ch,jaach,gap,0,0,
j,j,ach,ch,jach,gap,0,0,
j,j,aech,ch,jaech,gap,0,0,
j,j,och,ch,joch,gap,0,0,
j,j,oech,ch,joech,gap,0,0,
j,j,uch,ch,juch,gap,0,0,
j,j,uech,ch,juech,gap,0,0,
j,j,aat,t,jaat,gap,0,0,
j,j,aet,t,jaet,gap,0,0,
j,j,at,t,jat,gap,0,0,
j,j,eot,t,jeot,gap,0,0,
j,j,et,t,jet,gap,0,0,
j,j,iat,t,jiat,gap,0,0,
j,j,iet,t,jiet,gap,0,0,
j,j,it,t,jit,gap,0,0,
j,j,oet,t,joet,gap,0,0,
j,j,ot,t,jot,gap,0,0,
j,j,t,t,jt,gap,0,0,
j,j,uet,t,juet,gap,0,0,
j,j,ut,t,jut,gap,0,0,
j,j,waet,t,jwaet,gap,0,0,
j,j,wat,t,jwat,gap,0,0,
j,j,woet,t,jwoet,gap,0,0,
j,j,wot,t,jwot,gap,0,0,
j,j,yeot,t,jyeot,gap,0,0,
j,j,yt,t,jyt,gap,0,0,
j,j,aets,ts,jaets,gap,0,0,
j,j,ats,ts,jats,gap,0,0,
j,j,eots,ts,jeots,gap,0,0,
j,j,ets,ts,jets,gap,0,0,
j,j,aap,p,jaap,gap,0,0,
j,j,aep,p,jaep,gap,0,0,
j,j,ap,p,jap,gap,0,0,
j,j,eop,p,jeop,gap,0,0,
j,j,ep,p,jep,gap,0,0,
j,j,iep,p,jiep,gap,0,0,
j,j,ip,p,jip,gap,0,0,
j,j,oep,p,joep,gap,0,0,
j,j,op,p,jop,gap,0,0,
j,j,p,p,jp,gap,0,0,
j,j,yp,p,jyp,gap,0,0,
j,j,eov,v,jeov,gap,0,0,
j,j,ev,v,jev,gap,0,0,
j,j,ov,v,jov,gap,0,0,
j,j,aenn,nn,jaenn,gap,0,0,
j,j,ann,nn,jann,gap,0,0,
j,j,enn,nn,jenn,gap,0,0,
j,j,eonn,nn,jeonn,gap,0,0,
j,j,onn,nn,jonn,gap,0,0,
j,j,aeyh,h,jaeyh,gap,0,0,
j,j,ah,h,jah,gap,0,0,
j,j,ayh,h,jayh,gap,0,0,
j,j,emh,h,jemh,gap,0,0,
j,j,eomh,h,jeomh,gap,0,0,
j,j,ueh,h,jueh,gap,0,0,
j,j,uh,h,juh,gap,0,0,
j,j,r,r,jr,gap,0,0,
j,j,,open,j,gap,0,0,
j,j,a,open,ja,gap,0,0,
j,j,aa,open,jaa,gap,0,0,
j,j,ae,open,jae,gap,0,0,
j,j,au,open,jau,gap,0,0,
j,j,e,open,je,gap,0,0,
j,j,eo,open,jeo,gap,0,0,
j,j,eou,open,jeou,gap,0,0,
j,j,eu,open,jeu,gap,0,0,
j,j,ia,open,jia,gap,0,0,
j,j,iaeu,open,jiaeu,gap,0,0,
j,j,iau,open,jiau,gap,0,0,
j,j,ie,open,jie,gap,0,0,
j,j,ieu,open,jieu,gap,0,0,
j,j,iou,open,jiou,gap,0,0,
j,j,iu,open,jiu,gap,0,0,
j,j,o,open,jo,gap,0,0,
j,j,oe,open,joe,gap,0,0,
j,j,oeu,open,joeu,gap,0,0,
j,j,ou,open,jou,gap,0,0,
j,j,u,open,ju,gap,0,0,
j,j,ua,open,jua,gap,0,0,
j,j,uae,open,juae,gap,0,0,
j,j,ue,open,jue,gap,0,0,
j,j,ueo,open,jueo,gap,0,0,
j,j,wa,open,jwa,gap,0,0,
j,j,wae,open,jwae,gap,0,0,
j,j,yeo,open,jyeo,gap,0,0,
j,j,yeou,open,jyeou,gap,0,0,
k,k,aan,n,kaan,attested,5,5,羥顅齦𧢞𩋆
k,k,aen,n,kaen,attested,4,4,臤掔慳鬝
k,k,an,n,kan,attested,18,14,刊侃臤看衎栞豻偘靬馯鬜䳚
k,k,en,n,ken,attested,13,11,晵遣繾譴㹂䪈䭤𠳋𥳐𨺫𩝡
k,k,eon,n,keon,gap,0,0,
k,k,ian,n,kian,gap,0,0,
k,k,ien,n,kien,gap,0,0,
k,k,in,n,kin,attested,28,22,岍汧臤俔郉涀牽掔菣蚈雃蜆
k,k,n,n,kn,gap,0,0,
k,k,oen,n,koen,gap,0,0,
k,k,on,n,kon,attested,4,4,豤墾懇齦
k,k,uaen,n,kuaen,gap,0,0,
k,k,uan,n,kuan,attested,12,10,劵絭綣裷韏勸虇䅚䊎𪐂
k,k,uen,n,kuen,attested,8,8,弮棬飬鬈𨟠㒽䠣𥛁
k,k,ueon,n,kueon,gap,0,0,
k,k,uin,n,kuin,attested,8,8,犬囷峮箘箟輑𡈋𧋕
k,k,un,n,kun,attested,4,4,赾𦃢𦄐𧼐
k,k,waan,n,kwaan,gap,0,0,
k,k,waen,n,kwaen,gap,0,0,
k,k,wan,n,kwan,attested,12,10,梡欵棵款歀寬窾髖䥗䲌
k,k,woen,n,kwoen,gap,0,0,
k,k,won,n,kwon,attested,21,20,巛困坤悃涃梱硱稇壼裍豤髡
k,k,wyn,n,kwyn,gap,0,0,
k,k,yeon,n,kyeon,gap,0,0,
k,k,yn,n,kyn,gap,0,0,
k,k,aam,m,kaam,attested,2,2,嵌䫡
k,k,aem,m,kaem,gap,0,0,
k,k,am,m,kam,attested,35,33,坎坩㪁臽勘埳惂堪嵁戡歁撖
k,k,em,m,kem,attested,14,12,嵁槏歉厱撖鵮㦿䫡𠔺𢜩𢽣𣓅
k,k,eom,m,keom,gap,0,0,
k,k,iem,m,kiem,gap,0,0,
k,k,im,m,kim,attested,18,17,坅衾脥傔欽菳嗛慊搇歉膁嶔
k,k,m,m,km,gap,0,0,
k,k,oem,m,koem,gap,0,0,
k,k,om,m,kom,attested,2,2,凵㧄
k,k,ym,m,kym,gap,0,0,
k,k,yom,m,kyom,gap,0,0,
k,k,aang,ng,kaang,attested,8,8,劥坑阬砊卿硎慶𥉸
k,k,aeng,ng,kaeng,gap,0,0,
k,k,ang,ng,kang,attested,80,77,亢伉匡忼抗犺邟阬劻炕羌恇
k,k,eng,ng,keng,attested,14,14,苘烓殸絅磬褧罄顈檾謦鑋𥥻
k,k,eong,ng,keong,gap,0,0,
k,k,iaang,ng,kiaang,gap,0,0,
k,k,iang,ng,kiang,gap,0,0,
k,k,ieng,ng,kieng,gap,0,0,
k,k,ing,ng,king,attested,13,11,苘頃硱傾輕頔䔛檾鑋㩩𨆪
k,k,iong,ng,kiong,gap,0,0,
k,k,iung,ng,kiung,gap,0,0,
k,k,oeng,ng,koeng,gap,0,0,
k,k,ong,ng,kong,attested,8,5,恐銎𢖶𥳎𦶐
k,k,uaang,ng,kuaang,gap,0,0,
k,k,ueng,ng,kueng,gap,0,0,
k,k,ung,ng,kung,attested,34,29,孔肎芎穹空肯倥埪崆悾控涳
k,k,waang,ng,kwaang,attested,1,1,𥉁
k,k,waeng,ng,kwaeng,gap,0,0,
k,k,wang,ng,kwang,attested,9,8,䡉壙懬曠爌矌纊䯑
k,k,wueng,ng,kwueng,gap,0,0,
k,k,wung,ng,kwung,gap,0,0,
k,k,yang,ng,kyang,gap,0,0,
k,k,yeng,ng,kyeng,gap,0,0,
k,k,yeong,ng,kyeong,gap,0,0,
k,k,yng,ng,kyng,gap,0,0,
k,k,aay,y,kaay,attested,5,4,䒓𡢖𦝨𨛖
k,k,aey,y,kaey,gap,0,0,
k,k,ay,y,kay,attested,32,29,侅劾奒欬烗凱慨揩開塏愷愾
k,k,eoy,y,keoy,gap,0,0,
k,k,ey,y,key,attested,7,7,气炁盵氣豈䀈䔇
k,k,uy,y,kuy,gap,0,0,
k,k,waay,y,kwaay,attested,6,6,咼喎絓䓙䦱𦹬
k,k,waey,y,kwaey,gap,0,0,
k,k,way,y,kway,attested,28,27,凷恢悝堁盔傀喟㷇匯塊詼蒯
k,k,wey,y,kwey,attested,4,4,蘬𥽂𧝷𧢦
k,k,wy,y,kwy,gap,0,0,
k,k,y,y,ky,gap,0,0,
k,k,yay,y,kyay,gap,0,0,
k,k,aaw,w,kaaw,gap,0,0,
k,k,aew,w,kaew,gap,0,0,
k,k,aw,w,kaw,attested,33,29,丂尻巧攷考洘訄栲祰跤鄗敲
k,k,eow,w,keow,gap,0,0,
k,k,ew,w,kew,attested,5,5,橇譑趫趬㚁
k,k,iaew,w,kiaew,gap,0,0,
k,k,iaw,w,kiaw,gap,0,0,
k,k,iew,w,kiew,gap,0,0,
k,k,iw,w,kiw,attested,4,4,憍鞽㢗𠿕
k,k,oew,w,koew,gap,0,0,
k,k,ow,w,kow,attested,27,25,口叩扣𤘘怐竘夠釦剾詬彄摳
k,k,yeow,w,kyeow,gap,0,0,
k,k,aei,i,kaei,gap,0,0,
k,k,ai,i,kai,attested,9,9,愒溘磕轄㪡䳚𥎆𨜴𩫀
k,k,i,i,ki,attested,85,77,卟企屺邔启吱弃杞玘芑亟抾
k,k,uei,i,kuei,gap,0,0,
k,k,waei,i,kwaei,gap,0,0,
k,k,wai,i,kwai,attested,6,5,快駃噲璯𥢶
k,k,wi,i,kwi,attested,38,36,刲奎尯茥觖喟湀腃䖯楏跪跬
k,k,aak,k,kaak,attested,4,4,客喀揢礊
k,k,aek,k,kaek,gap,0,0,
k,k,ak,k,kak,attested,33,33,恪埆硞塙愙搉廓愨毃漷噋確
k,k,ek,k,kek,attested,11,11,喫𢿣燩闃䍊䠐𠿊𢞒𢶡𣪠𥍰
k,k,eok,k,keok,gap,0,0,
k,k,iaak,k,kiaak,gap,0,0,
k,k,iak,k,kiak,gap,0,0,
k,k,iek,k,kiek,gap,0,0,
k,k,ik,k,kik,attested,1,1,䩯
k,k,iok,k,kiok,gap,0,0,
k,k,iuk,k,kiuk,gap,0,0,
k,k,oek,k,koek,gap,0,0,
k,k,ok,k,kok,attested,6,6,焅硞酷嚳𡷥𥞴
k,k,uaak,k,kuaak,gap,0,0,
k,k,uek,k,kuek,gap,0,0,
k,k,uk,k,kuk,attested,13,13,克刻剋勀哭㲄㲉䍍䧊䵈𡞢𣫓
k,k,waak,k,kwaak,attested,2,2,𠠎𧍕
k,k,waek,k,kwaek,gap,0,0,
k,k,yeok,k,kyeok,gap,0,0,
k,k,yk,k,kyk,gap,0,0,
k,k,aach,ch,kaach,attested,7,7,郤綌隙𠊬𠶸𡭴𧯈
k,k,ach,ch,kach,attested,6,6,却卻𨟠躩𢖦𤷽
k,k,aech,ch,kaech,gap,0,0,
k,k,och,ch,koch,attested,4,4,曲匤䒼䱡
k,k,oech,ch,koech,gap,0,0,
k,k,uch,ch,kuch,attested,5,5,鞠麴𠤄𥶶𩍔
k,k,uech,ch,kuech,gap,0,0,
k,k,aat,t,kaat,attested,7,7,㓤劼咭擖䂒䯇𦸉
k,k,aet,t,kaet,attested,6,6,硈鬝𠛉𢼣𤫶𩮁
k,k,at,t,kat,attested,12,12,嵑渴楬趏磍磕骹㵣䅥䳚𤸎𥴭
k,k,eot,t,keot,gap,0,0,
k,k,et,t,ket,attested,2,2,缺蒛
k,k,iat,t,kiat,gap,0,0,
k,k,iet,t,kiet,gap,0,0,
k,k,it,t,kit,attested,17,17,契挈栔缺湀猰蛣蛪詰趌鍥闋
k,k,oet,t,koet,gap,0,0,
k,k,ot,t,kot,gap,0,0,
k,k,t,t,kt,gap,0,0,
k,k,uet,t,kuet,gap,0,0,
k,k,ut,t,kut,attested,6,6,乞屈契詘䒗𧌑
k,k,waet,t,kwaet,gap,0,0,
k,k,wat,t,kwat,attested,6,6,适筈蛞闊䟯𤫵
k,k,woet,t,kwoet,gap,0,0,
k,k,wot,t,kwot,attested,15,15,圣泏矻胐堀㧾窟顝㩿䯇𡑣𡑧
k,k,yeot,t,kyeot,gap,0,0,
k,k,yt,t,kyt,gap,0,0,
k,k,aets,ts,kaets,gap,0,0,
k,k,ats,ts,kats,attested,3,3,㵐闕𦁐
k,k,eots,ts,keots,gap,0,0,
k,k,ets,ts,kets,attested,5,5,愒揭朅𡐤藒
k,k,aap,p,kaap,gap,0,0,
k,k,aep,p,kaep,gap,0,0,
k,k,ap,p,kap,attested,13,13,匌歁溘榼磕㕎㧁䆟䶀𠩧𣩄𧛾
k,k,eop,p,keop,gap,0,0,
k,k,ep,p,kep,attested,10,10,帢恰掐㓣㡊䁍䶢𠕣𢂿𣁴
k,k,iep,p,kiep,gap,0,0,
k,k,ip,p,kip,attested,12,12,泣匧悏㤲愜湆㥦篋㬤㛍㾜𤷾
k,k,oep,p,koep,gap,0,0,
k,k,op,p,kop,gap,0,0,
k,k,p,p,kp,gap,0,0,
k,k,yp,p,kyp,gap,0,0,
k,k,eov,v,keov,gap,0,0,
k,k,ev,v,kev,attested,9,9,呿怯抾胠魥㹤㾀𠩂𤴼
k,k,ov,v,kov,attested,2,2,姂猲
k,k,aenn,nn,kaenn,gap,0,0,
k,k,ann,nn,kann,attested,3,3,攑䞿𧥛
k,k,enn,nn,kenn,attested,10,10,愆諐褰攐騫㗔䇂䙭𠎝𧽐
k,k,eonn,nn,keonn,gap,0,0,
k,k,onn,nn,konn,gap,0,0,
k,k,aeyh,h,kaeyh,gap,0,0,
k,k,ah,h,kah,attested,4,4,佉呿㰦𠋧
k,k,ayh,h,kayh,attested,1,1,𥏙
k,k,emh,h,kemh,attested,13,12,欠㐸㪁欦嵰厱䇜𢜩𤬯𨦄𩑳𩒥
k,k,eomh,h,keomh,gap,0,0,
k,k,ueh,h,kueh,gap,0,0,
k,k,uh,h,kuh,attested,27,23,去呿弆阹㭕㰦胠虚𧉧袪椐墟
k,k,r,r,kr,gap,0,0,
k,k,,open,k,gap,0,0,
k,k,a,open,ka,attested,11,11,疴跒髂㤉㰤䶗𠳌𡤫𣘟𧩶𩩱
k,k,aa,open,kaa,attested,12,9,可坷岢珂蚵軻艐䯊𠳊
k,k,ae,open,kae,gap,0,0,
k,k,au,open,kau,attested,9,9,郻鄡墽𢿣磽竅䂪𡩇𢵿
k,k,e,open,ke,attested,6,6,愒揭甈憩䔾𡳅
k,k,eo,open,keo,gap,0,0,
k,k,eou,open,keou,gap,0,0,
k,k,eu,open,keu,attested,6,6,繑趬蹺蹻㚠䫞
k,k,ia,open,kia,gap,0,0,
k,k,iaeu,open,kiaeu,gap,0,0,
k,k,iau,open,kiau,gap,0,0,
k,k,ie,open,kie,gap,0,0,
k,k,ieu,open,kieu,gap,0,0,
k,k,iou,open,kiou,gap,0,0,
k,k,iu,open,kiu,gap,0,0,
k,k,o,open,ko,attested,20,19,扝刳挎枯苦郀庫胯絝袴跍軲
k,k,oe,open,koe,gap,0,0,
k,k,oeu,open,koeu,gap,0,0,
k,k,ou,open,kou,attested,11,11,丘丠邱恘訄惆蚯蓲糗㲃𪖛
k,k,u,open,ku,attested,13,12,竘區嶇摳敺踽軀驅鰸齲䧢𤛐
k,k,ua,open,kua,attested,2,2,𩨭𩨷
k,k,uae,open,kuae,gap,0,0,
k,k,ue,open,kue,gap,0,0,
k,k,ueo,open,kueo,gap,0,0,
k,k,wa,open,kwa,attested,42,33,夸姱科胯堁敤犐稞窠萪誇跨
k,k,wae,open,kwae,gap,0,0,
k,k,yeo,open,kyeo,gap,0,0,
k,k,yeou,open,kyeou,gap,0,0,
l,l,aan,n,laan,attested,5,5,潾斕𡰠𢛓𢿻
l,l,aen,n,laen,gap,0,0,
l,l,an,n,lan,attested,43,39,卵亂闌嬾懶幱攔瀾欄爛蘭巒
l,l,en,n,len,attested,24,23,令連僆摙漣槤璉蓮輦聮膦翴
l,l,eon,n,leon,gap,0,0,
l,l,ian,n,lian,gap,0,0,
l,l,ien,n,lien,gap,0,0,
l,l,in,n,lin,attested,79,68,吝怜悋浰堜揀湅粦僆楝萰零
l,l,n,n,ln,gap,0,0,
l,l,oen,n,loen,gap,0,0,
l,l,on,n,lon,attested,11,9,崘㤻惀掄菕溣睔碖論
l,l,uaen,n,luaen,gap,0,0,
l,l,uan,n,luan,gap,0,0,
l,l,uen,n,luen,attested,11,9,脟孌戀攣灓臠䜌𡡗𤼙
l,l,ueon,n,lueon,gap,0,0,
l,l,uin,n,luin,gap,0,0,
l,l,un,n,lun,attested,17,17,侖倫惀掄淪陯棆䈁綸耣蜦論
l,l,waan,n,lwaan,gap,0,0,
l,l,waen,n,lwaen,gap,0,0,
l,l,wan,n,lwan,gap,0,0,
l,l,woen,n,lwoen,gap,0,0,
l,l,won,n,lwon,gap,0,0,
l,l,wyn,n,lwyn,gap,0,0,
l,l,yeon,n,lyeon,gap,0,0,
l,l,yn,n,lyn,gap,0,0,
l,l,aam,m,laam,gap,0,0,
l,l,aem,m,laem,gap,0,0,
l,l,am,m,lam,attested,43,39,浨啉婪惏嵐僋葻漤罱醂儖壈
l,l,em,m,lem,attested,2,2,臉醶
l,l,eom,m,leom,gap,0,0,
l,l,iem,m,liem,gap,0,0,
l,l,im,m,lim,attested,33,28,帘林淋菻溓廩懍濓霖斂㯬薟
l,l,m,m,lm,gap,0,0,
l,l,oem,m,loem,gap,0,0,
l,l,om,m,lom,gap,0,0,
l,l,ym,m,lym,attested,35,28,㐭琳廉痳熑箖覝凜匳稴嬚撿
l,l,yom,m,lyom,gap,0,0,
l,l,aang,ng,laang,attested,1,1,冷
l,l,aeng,ng,laeng,gap,0,0,
l,l,ang,ng,lang,attested,44,40,俍郎哴埌崀朗欴浪狼朖桹琅
l,l,eng,ng,leng,attested,93,88,令伶冷刢灵呤囹姈岭彾怜拎
l,l,eong,ng,leong,attested,8,7,龍蘢躘鸗㙙𦪽𪚝
l,l,iaang,ng,liaang,gap,0,0,
l,l,iang,ng,liang,attested,21,17,良兩哴悢掠涼脼粮粱蜋蜽諒
l,l,ieng,ng,lieng,attested,20,17,㒳亮凉梁椋量綡緉踉輬糧㔝
l,l,ing,ng,ling,attested,28,27,令夌阾柃凌崚㥄掕淩袊陵菱
l,l,iong,ng,liong,attested,7,7,儱壠隴籠贚驡𪚠
l,l,iung,ng,liung,attested,6,6,隆癃窿霳㚅𪔳
l,l,oeng,ng,loeng,gap,0,0,
l,l,ong,ng,long,attested,3,3,䃧䥢𣫣
l,l,uaang,ng,luaang,gap,0,0,
l,l,ueng,ng,lueng,gap,0,0,
l,l,ung,ng,lung,attested,51,45,屸弄倰哢梇棱楞祾稜踜輘儱
l,l,waang,ng,lwaang,gap,0,0,
l,l,waeng,ng,lwaeng,gap,0,0,
l,l,wang,ng,lwang,gap,0,0,
l,l,wueng,ng,lwueng,gap,0,0,
l,l,wung,ng,lwung,gap,0,0,
l,l,yang,ng,lyang,gap,0,0,
l,l,yeng,ng,lyeng,gap,0,0,
l,l,yeong,ng,lyeong,gap,0,0,
l,l,yng,ng,lyng,gap,0,0,
l,l,aay,y,laay,gap,0,0,
l,l,aey,y,laey,gap,0,0,
l,l,ay,y,lay,attested,81,69,耒來勑唻崍庲徠淶猍郲棶萊
l,l,eoy,y,leoy,gap,0,0,
l,l,ey,y,ley,gap,0,0,
l,l,uy,y,luy,gap,0,0,
l,l,waay,y,lwaay,gap,0,0,
l,l,waey,y,lwaey,gap,0,0,
l,l,way,y,lway,gap,0,0,
l,l,wey,y,lwey,gap,0,0,
l,l,wy,y,lwy,gap,0,0,
l,l,y,y,ly,gap,0,0,
l,l,yay,y,lyay,gap,0,0,
l,l,aaw,w,laaw,gap,0,0,
l,l,aew,w,laew,gap,0,0,
l,l,aw,w,law,attested,22,19,老牢恅僗嫪潦獠蟧醪轑髝䝁
l,l,eow,w,leow,gap,0,0,
l,l,ew,w,lew,attested,22,19,窂哰栳勞撈澇憥橑𤩂癆簝簩
l,l,iaew,w,liaew,gap,0,0,
l,l,iaw,w,liaw,attested,4,4,窌賿顟𠐋
l,l,iew,w,liew,gap,0,0,
l,l,iw,w,liw,gap,0,0,
l,l,oew,w,loew,gap,0,0,
l,l,ow,w,low,attested,52,47,剅陋婁屚僂嘍塿嶁廔慺摟漊
l,l,yeow,w,lyeow,gap,0,0,
l,l,aei,i,laei,gap,0,0,
l,l,ai,i,lai,attested,19,19,酹頪賴𡂖鵣瀨犡㸊藾癩糲籟
l,l,i,i,li,attested,171,147,刕吏礼丽利李里戾沴俚峛倈
l,l,uei,i,luei,gap,0,0,
l,l,waei,i,lwaei,gap,0,0,
l,l,wai,i,lwai,gap,0,0,
l,l,wi,i,lwi,attested,45,39,厽耒垒淚猚累絫誄蜼樏䉂壘
l,l,aak,k,laak,gap,0,0,
l,l,aek,k,laek,gap,0,0,
l,l,ak,k,lak,attested,40,40,挌洛烙珞硌硦笿絡袼落酪馲
l,l,ek,k,lek,attested,45,45,秝鬲厤寥蒚蝷曆歷磿擽濼鎘
l,l,eok,k,leok,attested,8,8,娽渌菉趢醁録㪖䟿
l,l,iaak,k,liaak,gap,0,0,
l,l,iak,k,liak,attested,5,5,略擽䀩䛚𧎾
l,l,iek,k,liek,attested,4,4,掠䂮㗉䌎
l,l,ik,k,lik,attested,9,9,力仂屴朸鳨𠢠𡯄𣲒𧲡
l,l,iok,k,liok,attested,9,9,逯碌綠騄籙㫽䚄䱚𧨹
l,l,iuk,k,liuk,attested,22,22,六坴淕陸僇剹勠稑戮蓼踛磟
l,l,oek,k,loek,gap,0,0,
l,l,ok,k,lok,attested,1,1,濼
l,l,uaak,k,luaak,gap,0,0,
l,l,uek,k,luek,gap,0,0,
l,l,uk,k,luk,attested,59,59,仂㔹扐阞朸玏肋艻角谷彔泐
l,l,waak,k,lwaak,gap,0,0,
l,l,waek,k,lwaek,gap,0,0,
l,l,yeok,k,lyeok,gap,0,0,
l,l,yk,k,lyk,gap,0,0,
l,l,aach,ch,laach,gap,0,0,
l,l,ach,ch,lach,gap,0,0,
l,l,aech,ch,laech,gap,0,0,
l,l,och,ch,loch,gap,0,0,
l,l,oech,ch,loech,gap,0,0,
l,l,uch,ch,luch,gap,0,0,
l,l,uech,ch,luech,gap,0,0,
l,l,aat,t,laat,gap,0,0,
l,l,aet,t,laet,gap,0,0,
l,l,at,t,lat,attested,21,21,剌捋㭩揧楋蛶瘌辢蝲攋癩糲
l,l,eot,t,leot,gap,0,0,
l,l,et,t,let,attested,33,33,列劣冽姴挒洌哷埒㤠栵浖烈
l,l,iat,t,liat,gap,0,0,
l,l,iet,t,liet,gap,0,0,
l,l,it,t,lit,attested,26,26,夨戾栗唳捩凓塛慄搮溧瑮綟
l,l,oet,t,loet,gap,0,0,
l,l,ot,t,lot,attested,5,5,硉㪐𢂤𥓎𨁸
l,l,t,t,lt,gap,0,0,
l,l,uet,t,luet,gap,0,0,
l,l,ut,t,lut,attested,8,8,寽律𠷈葎膟繂䔞𥭐
l,l,waet,t,lwaet,gap,0,0,
l,l,wat,t,lwat,gap,0,0,
l,l,woet,t,lwoet,gap,0,0,
l,l,wot,t,lwot,gap,0,0,
l,l,yeot,t,lyeot,gap,0,0,
l,l,yt,t,lyt,gap,0,0,
l,l,aets,ts,laets,gap,0,0,
l,l,ats,ts,lats,gap,0,0,
l,l,eots,ts,leots,gap,0,0,
l,l,ets,ts,lets,gap,0,0,
l,l,aap,p,laap,gap,0,0,
l,l,aep,p,laep,gap,0,0,
l,l,ap,p,lap,attested,25,23,拉菈搚摺磖臈擸臘邋蠟鑞㕇
l,l,eop,p,leop,gap,0,0,
l,l,ep,p,lep,attested,17,17,岦苙笠巤鴗儠獵鬣鱲䁽䃳䜲
l,l,iep,p,liep,gap,0,0,
l,l,ip,p,lip,attested,18,17,立砬粒獦擸犣邋躐㯿㲱㼲䇐
l,l,oep,p,loep,gap,0,0,
l,l,op,p,lop,gap,0,0,
l,l,p,p,lp,gap,0,0,
l,l,yp,p,lyp,gap,0,0,
l,l,eov,v,leov,gap,0,0,
l,l,ev,v,lev,gap,0,0,
l,l,ov,v,lov,gap,0,0,
l,l,aenn,nn,laenn,gap,0,0,
l,l,ann,nn,lann,gap,0,0,
l,l,enn,nn,lenn,gap,0,0,
l,l,eonn,nn,leonn,gap,0,0,
l,l,onn,nn,lonn,gap,0,0,
l,l,aeyh,h,laeyh,gap,0,0,
l,l,ah,h,lah,gap,0,0,
l,l,ayh,h,layh,gap,0,0,
l,l,emh,h,lemh,gap,0,0,
l,l,eomh,h,leomh,gap,0,0,
l,l,ueh,h,lueh,gap,0,0,
l,l,uh,h,luh,gap,0,0,
l,l,r,r,lr,gap,0,0,
l,l,,open,l,gap,0,0,
l,l,a,open,la,attested,33,31,卵腡摞蓏裸躶瘰螺藞蠃臝蠡
l,l,aa,open,laa,attested,11,10,剆羅儸曪邏𧟌籮鑼𣂞𩝢
l,l,ae,open,lae,attested,11,10,砢㰁囉欏蘿饠㦬㿚𠻡𤄷
l,l,au,open,lau,gap,0,0,
l,l,e,open,le,gap,0,0,
l,l,eo,open,leo,gap,0,0,
l,l,eou,open,leou,attested,40,34,柳珋留硫僇勠塯廖瑠綹瘤疁
l,l,eu,open,leu,attested,21,20,侣旅絽閭㠠櫖櫚爈䕡穭鑢驢
l,l,ia,open,lia,gap,0,0,
l,l,iaeu,open,liaeu,gap,0,0,
l,l,iau,open,liau,attested,65,56,了尥炓料翏聊僚寥廖憀摷漻
l,l,ie,open,lie,attested,25,25,例洌砅栵厲勵鮤巁濿癘櫔犡
l,l,ieu,open,lieu,attested,19,17,僚嫽憭熮燎璙膫療繚爒髎鷯
l,l,iou,open,liou,attested,37,34,畂流茆窌翏裗嵧廇旒溜憀摎
l,l,iu,open,liu,attested,20,20,吕㭚郘梠祣膂慮儢勴蟉廬璷
l,l,o,open,lo,attested,64,62,㭔㭩玈鹵虜賂路輅滷樐蓾魯
l,l,oe,open,loe,gap,0,0,
l,l,oeu,open,loeu,gap,0,0,
l,l,ou,open,lou,gap,0,0,
l,l,u,open,lu,attested,31,29,婁僂㜢屢嶁慺摟漊氀膢蔞瘻
l,l,ua,open,lua,attested,1,1,𦣛
l,l,uae,open,luae,gap,0,0,
l,l,ue,open,lue,gap,0,0,
l,l,ueo,open,lueo,gap,0,0,
l,l,wa,open,lwa,gap,0,0,
l,l,wae,open,lwae,gap,0,0,
l,l,yeo,open,lyeo,gap,0,0,
l,l,yeou,open,lyeou,gap,0,0,
m,m,aan,n,maan,attested,2,2,蔄𥇅
m,m,aen,n,maen,gap,0,0,
m,m,an,n,man,attested,79,61,万芇娩㝃悗挽㒼晚曼脕萬絻
m,m,en,n,men,attested,29,28,宀汅沔芇面偭勔愐棉湎黽綿
m,m,eon,n,meon,gap,0,0,
m,m,ian,n,mian,gap,0,0,
m,m,ien,n,mien,attested,8,8,免俛勉娩㝃冕絻鮸
m,m,in,n,min,attested,67,61,丏民刡汶芇岷忞怋旻旼泯敃
m,m,n,n,mn,gap,0,0,
m,m,oen,n,moen,gap,0,0,
m,m,on,n,mon,attested,16,15,怋門捫悶樠璊懣亹虋䊟䟂䫒
m,m,uaen,n,muaen,gap,0,0,
m,m,uan,n,muan,gap,0,0,
m,m,uen,n,muen,gap,0,0,
m,m,ueon,n,mueon,gap,0,0,
m,m,uin,n,muin,gap,0,0,
m,m,un,n,mun,attested,34,30,勽文伆刎吻彣抆汶娩紊紋蚊
m,m,waan,n,mwaan,gap,0,0,
m,m,waen,n,mwaen,gap,0,0,
m,m,wan,n,mwan,gap,0,0,
m,m,woen,n,mwoen,gap,0,0,
m,m,won,n,mwon,gap,0,0,
m,m,wyn,n,mwyn,gap,0,0,
m,m,yeon,n,myeon,gap,0,0,
m,m,yn,n,myn,gap,0,0,
m,m,aam,m,maam,gap,0,0,
m,m,aem,m,maem,gap,0,0,
m,m,am,m,mam,attested,3,3,姏㛧𩛎
m,m,em,m,mem,gap,0,0,
m,m,eom,m,meom,gap,0,0,
m,m,iem,m,miem,gap,0,0,
m,m,im,m,mim,attested,2,2,厸𡕢
m,m,m,m,mm,gap,0,0,
m,m,oem,m,moem,gap,0,0,
m,m,om,m,mom,gap,0,0,
m,m,ym,m,mym,gap,0,0,
m,m,yom,m,myom,attested,4,4,錽𡕢𢨔𦲯
m,m,aang,ng,maang,attested,18,16,孟盲朚猛莔盟䁅艋蜢蝱鄳鱦
m,m,aeng,ng,maeng,gap,0,0,
m,m,ang,ng,mang,attested,57,53,吂忙汒邙尨杗芒氓甿厖哤娏
m,m,eng,ng,meng,attested,24,21,姳冥茗眳嫇溟猽鄍酩暝榠蓂
m,m,eong,ng,meong,gap,0,0,
m,m,iaang,ng,miaang,gap,0,0,
m,m,iang,ng,miang,gap,0,0,
m,m,ieng,ng,mieng,gap,0,0,
m,m,ing,ng,ming,attested,5,5,名洺眳慏詺
m,m,iong,ng,miong,gap,0,0,
m,m,iung,ng,miung,gap,0,0,
m,m,oeng,ng,moeng,gap,0,0,
m,m,ong,ng,mong,attested,3,3,雺䏵𪁪
m,m,uaang,ng,muaang,gap,0,0,
m,m,ueng,ng,mueng,gap,0,0,
m,m,ung,ng,mung,attested,57,45,冡罞䀄雺夢蒙髳瞢蕄幪懜曚
m,m,waang,ng,mwaang,gap,0,0,
m,m,waeng,ng,mwaeng,gap,0,0,
m,m,wang,ng,mwang,gap,0,0,
m,m,wueng,ng,mwueng,gap,0,0,
m,m,wung,ng,mwung,gap,0,0,
m,m,yang,ng,myang,gap,0,0,
m,m,yeng,ng,myeng,gap,0,0,
m,m,yeong,ng,myeong,gap,0,0,
m,m,yng,ng,myng,attested,9,8,皿命明盟鳴䳟𥁰𥥊
m,m,aay,y,maay,attested,8,8,買嘪賣蕒鷶㵋䁲𩍃
m,m,aey,y,maey,gap,0,0,
m,m,ay,y,may,attested,20,18,每妹枚昧埋浼脄痗腜塺韎鋂
m,m,eoy,y,meoy,gap,0,0,
m,m,ey,y,mey,attested,24,24,未尾味沬娓浘菋微㵟鮇薇癓
m,m,uy,y,muy,attested,23,18,玫挴眛梅脢莓媒煤瑁禖潣燘
m,m,waay,y,mwaay,gap,0,0,
m,m,waey,y,mwaey,gap,0,0,
m,m,way,y,mway,gap,0,0,
m,m,wey,y,mwey,gap,0,0,
m,m,wy,y,mwy,gap,0,0,
m,m,y,y,my,gap,0,0,
m,m,yay,y,myay,gap,0,0,
m,m,aaw,w,maaw,gap,0,0,
m,m,aew,w,maew,gap,0,0,
m,m,aw,w,maw,attested,15,14,毛枆眊耄覒堥帽楙氂䋃䓮𤣽
m,m,eow,w,meow,gap,0,0,
m,m,ew,w,mew,attested,18,14,冃芼冒旄酕媢瑁髦蓩㲝𢯾𣔺
m,m,iaew,w,miaew,gap,0,0,
m,m,iaw,w,miaw,attested,22,20,卯戼皃泖昴茅茆罞媌描貌犛
m,m,iew,w,miew,attested,7,7,苗庿描猫廟緢貓
m,m,iw,w,miw,gap,0,0,
m,m,oew,w,moew,gap,0,0,
m,m,ow,w,mow,attested,30,30,戊母牡呣姆拇某胟苺茂畞莽
m,m,yeow,w,myeow,gap,0,0,
m,m,aei,i,maei,gap,0,0,
m,m,ai,i,mai,attested,7,7,佅沬昧枺勱邁䜕
m,m,i,i,mi,attested,96,90,米芈侎冞弭洣眉美娓敉迷眯
m,m,uei,i,muei,gap,0,0,
m,m,waei,i,mwaei,gap,0,0,
m,m,wai,i,mwai,gap,0,0,
m,m,wi,i,mwi,gap,0,0,
m,m,aak,k,maak,attested,9,9,帞𢫦陌袹貉貊銆㹮𧻙
m,m,aek,k,maek,attested,9,9,佰洦蛨嗼㱳貘驀𡠜𩢷
m,m,ak,k,mak,attested,33,33,皃眊脉毣眽莫麥衇覛嗼塻寞
m,m,ek,k,mek,attested,23,23,冂糸汨覓塓幎覛漞蓂鼏幦濗
m,m,eok,k,meok,gap,0,0,
m,m,iaak,k,miaak,gap,0,0,
m,m,iak,k,miak,gap,0,0,
m,m,iek,k,miek,gap,0,0,
m,m,ik,k,mik,attested,1,1,䁇
m,m,iok,k,miok,gap,0,0,
m,m,iuk,k,miuk,gap,0,0,
m,m,oek,k,moek,gap,0,0,
m,m,ok,k,mok,attested,5,5,媢瑁萺艒𣔺
m,m,uaak,k,muaak,gap,0,0,
m,m,uek,k,muek,gap,0,0,
m,m,uk,k,muk,attested,36,35,万木目朷沐牧冒苜毣蚞楘睦
m,m,waak,k,mwaak,gap,0,0,
m,m,waek,k,mwaek,gap,0,0,
m,m,yeok,k,myeok,gap,0,0,
m,m,yk,k,myk,gap,0,0,
m,m,aach,ch,maach,gap,0,0,
m,m,ach,ch,mach,gap,0,0,
m,m,aech,ch,maech,gap,0,0,
m,m,och,ch,moch,gap,0,0,
m,m,oech,ch,moech,gap,0,0,
m,m,uch,ch,much,gap,0,0,
m,m,uech,ch,muech,gap,0,0,
m,m,aat,t,maat,attested,7,7,睰礣齂㑻䀣䯦𪒜
m,m,aet,t,maet,gap,0,0,
m,m,at,t,mat,attested,32,32,末妺帓帕抹沫昩苜眜秣粖袜
m,m,eot,t,meot,gap,0,0,
m,m,et,t,met,attested,2,2,搣滅
m,m,iat,t,miat,attested,5,5,襪韈韤㒝𥄎
m,m,iet,t,miet,gap,0,0,
m,m,it,t,mit,attested,42,41,沕宓密淧粖覕榓滵蜜樒蔑蔤
m,m,oet,t,moet,gap,0,0,
m,m,ot,t,mot,attested,6,6,没殁𤣻莈𠬛𩑦
m,m,t,t,mt,gap,0,0,
m,m,uet,t,muet,gap,0,0,
m,m,ut,t,mut,attested,9,9,勿伆岉沕昒物芴𣃦𨑥
m,m,waet,t,mwaet,gap,0,0,
m,m,wat,t,mwat,gap,0,0,
m,m,woet,t,mwoet,gap,0,0,
m,m,wot,t,mwot,gap,0,0,
m,m,yeot,t,myeot,gap,0,0,
m,m,yt,t,myt,gap,0,0,
m,m,aets,ts,maets,gap,0,0,
m,m,ats,ts,mats,gap,0,0,
m,m,eots,ts,meots,gap,0,0,
m,m,ets,ts,mets,gap,0,0,
m,m,aap,p,maap,gap,0,0,
m,m,aep,p,maep,gap,0,0,
m,m,ap,p,map,gap,0,0,
m,m,eop,p,meop,gap,0,0,
m,m,ep,p,mep,gap,0,0,
m,m,iep,p,miep,gap,0,0,
m,m,ip,p,mip,gap,0,0,
m,m,oep,p,moep,gap,0,0,
m,m,op,p,mop,gap,0,0,
m,m,p,p,mp,gap,0,0,
m,m,yp,p,myp,gap,0,0,
m,m,eov,v,meov,gap,0,0,
m,m,ev,v,mev,gap,0,0,
m,m,ov,v,mov,gap,0,0,
m,m,aenn,nn,maenn,gap,0,0,
m,m,ann,nn,mann,gap,0,0,
m,m,enn,nn,menn,gap,0,0,
m,m,eonn,nn,meonn,gap,0,0,
m,m,onn,nn,monn,gap,0,0,
m,m,aeyh,h,maeyh,gap,0,0,
m,m,ah,h,mah,gap,0,0,
m,m,ayh,h,mayh,gap,0,0,
m,m,emh,h,memh,gap,0,0,
m,m,eomh,h,meomh,gap,0,0,
m,m,ueh,h,mueh,gap,0,0,
m,m,uh,h,muh,gap,0,0,
m,m,r,r,mr,gap,0,0,
m,m,,open,m,gap,0,0,
m,m,a,open,ma,attested,42,37,馬麻傌痲塺榪麼摩犘碼禡罵
m,m,aa,open,maa,gap,0,0,
m,m,ae,open,mae,gap,0,0,
m,m,au,open,mau,gap,0,0,
m,m,e,open,me,gap,0,0,
m,m,eo,open,meo,gap,0,0,
m,m,eou,open,meou,gap,0,0,
m,m,eu,open,meu,gap,0,0,
m,m,ia,open,mia,attested,1,1,乜
m,m,iaeu,open,miaeu,gap,0,0,
m,m,iau,open,miau,attested,9,8,杪玅秒訬淼渺篎𪃦
m,m,ie,open,mie,attested,1,1,袂
m,m,ieu,open,mieu,attested,9,9,吵妙眇蜱篻藐㠺䖢𦳥
m,m,iou,open,miou,gap,0,0,
m,m,iu,open,miu,gap,0,0,
m,m,o,open,mo,attested,24,24,无姥峔莽募媽墓嫫慔摸墲慕
m,m,oe,open,moe,gap,0,0,
m,m,oeu,open,moeu,gap,0,0,
m,m,ou,open,mou,attested,25,25,矛牟侔劺恈眸莓堥蛑雺蝥謀
m,m,u,open,mu,attested,65,57,无毋巫武侮敄務娬莁婺嵍無
m,m,ua,open,mua,gap,0,0,
m,m,uae,open,muae,gap,0,0,
m,m,ue,open,mue,gap,0,0,
m,m,ueo,open,mueo,gap,0,0,
m,m,wa,open,mwa,gap,0,0,
m,m,wae,open,mwae,gap,0,0,
m,m,yeo,open,myeo,gap,0,0,
m,m,yeou,open,myeou,gap,0,0,
n,n,aan,n,naan,gap,0,0,
n,n,aen,n,naen,gap,0,0,
n,n,an,n,nan,attested,13,10,渜暖煗餪難攤𢅼𦍀𩁘𪇠
n,n,en,n,nen,attested,11,10,偄愞㬉煖稬濡灘㬮𩁣𪋐
n,n,eon,n,neon,gap,0,0,
n,n,ian,n,nian,gap,0,0,
n,n,ien,n,nien,gap,0,0,
n,n,in,n,nin,attested,11,11,年秊涊晛跈㜣撚㬗蹨㲽𨛲
n,n,n,n,nn,gap,0,0,
n,n,oen,n,noen,gap,0,0,
n,n,on,n,non,attested,6,6,抐媆腝嫩黁㶧
n,n,uaen,n,nuaen,gap,0,0,
n,n,uan,n,nuan,gap,0,0,
n,n,uen,n,nuen,gap,0,0,
n,n,ueon,n,nueon,gap,0,0,
n,n,uin,n,nuin,gap,0,0,
n,n,un,n,nun,gap,0,0,
n,n,waan,n,nwaan,gap,0,0,
n,n,waen,n,nwaen,gap,0,0,
n,n,wan,n,nwan,gap,0,0,
n,n,woen,n,nwoen,gap,0,0,
n,n,won,n,nwon,gap,0,0,
n,n,wyn,n,nwyn,gap,0,0,
n,n,yeon,n,nyeon,gap,0,0,
n,n,yn,n,nyn,gap,0,0,
n,n,aam,m,naam,gap,0,0,
n,n,aem,m,naem,gap,0,0,
n,n,am,m,nam,attested,14,14,妠男抩南柟揇湳楠腩萳䈒䶲
n,n,em,m,nem,attested,4,4,姌拈㜤𨸱
n,n,eom,m,neom,gap,0,0,
n,n,iem,m,niem,gap,0,0,
n,n,im,m,nim,attested,5,5,念淰鮎䬯𦁇
n,n,m,m,nm,gap,0,0,
n,n,oem,m,noem,gap,0,0,
n,n,om,m,nom,gap,0,0,
n,n,ym,m,nym,gap,0,0,
n,n,yom,m,nyom,gap,0,0,
n,n,aang,ng,naang,gap,0,0,
n,n,aeng,ng,naeng,gap,0,0,
n,n,ang,ng,nang,attested,7,6,曩囊蠰儾灢㚂
n,n,eng,ng,neng,attested,10,8,寗寧嚀聹鸋䗿𧕝𩕳
n,n,eong,ng,neong,gap,0,0,
n,n,iaang,ng,niaang,gap,0,0,
n,n,iang,ng,niang,gap,0,0,
n,n,ieng,ng,nieng,gap,0,0,
n,n,ing,ng,ning,attested,8,7,佞寍濘䆨䔭𣍆𨛲
n,n,iong,ng,niong,gap,0,0,
n,n,iung,ng,niung,gap,0,0,
n,n,oeng,ng,noeng,gap,0,0,
n,n,ong,ng,nong,attested,12,12,農儂辳噥憹膿㺜䢉𧗕𨑋𩅽𩟊
n,n,uaang,ng,nuaang,gap,0,0,
n,n,ueng,ng,nueng,gap,0,0,
n,n,ung,ng,nung,attested,5,4,能癑齈𨑊
n,n,waang,ng,nwaang,gap,0,0,
n,n,waeng,ng,nwaeng,gap,0,0,
n,n,wang,ng,nwang,gap,0,0,
n,n,wueng,ng,nwueng,gap,0,0,
n,n,wung,ng,nwung,gap,0,0,
n,n,yang,ng,nyang,gap,0,0,
n,n,yeng,ng,nyeng,gap,0,0,
n,n,yeong,ng,nyeong,gap,0,0,
n,n,yng,ng,nyng,gap,0,0,
n,n,aay,y,naay,attested,5,5,奈柰渿㲡𩹟
n,n,aey,y,naey,gap,0,0,
n,n,ay,y,nay,attested,13,11,乃耏娞浽能脮餒鼐螚𣉘𩗔
n,n,eoy,y,neoy,gap,0,0,
n,n,ey,y,ney,attested,11,11,内佴耐迺捼餧鮾㼏㾍𢅼𨡌
n,n,uy,y,nuy,gap,0,0,
n,n,waay,y,nwaay,gap,0,0,
n,n,waey,y,nwaey,gap,0,0,
n,n,way,y,nway,gap,0,0,
n,n,wey,y,nwey,gap,0,0,
n,n,wy,y,nwy,gap,0,0,
n,n,y,y,ny,gap,0,0,
n,n,yay,y,nyay,gap,0,0,
n,n,aaw,w,naaw,gap,0,0,
n,n,aew,w,naew,gap,0,0,
n,n,aw,w,naw,attested,10,9,峱堖惱碯㺁𠜶𤣜𧳦𨱵
n,n,eow,w,neow,gap,0,0,
n,n,ew,w,new,attested,10,9,猱腝腦嶩巎獿㛴㺜𤫕
n,n,iaew,w,niaew,gap,0,0,
n,n,iaw,w,niaw,gap,0,0,
n,n,iew,w,niew,gap,0,0,
n,n,iw,w,niw,attested,8,8,陾搙擩獳鎒羺㝅䨲
n,n,oew,w,noew,gap,0,0,
n,n,ow,w,now,attested,8,8,啂耨譳㳶䰰𡝦𡭾𣫌
n,n,yeow,w,nyeow,gap,0,0,
n,n,aei,i,naei,gap,0,0,
n,n,ai,i,nai,gap,0,0,
n,n,i,i,ni,attested,22,20,坭泥苨迡屔埿嬭濘檷薾禰瀰
n,n,uei,i,nuei,gap,0,0,
n,n,waei,i,nwaei,gap,0,0,
n,n,wai,i,nwai,gap,0,0,
n,n,wi,i,nwi,gap,0,0,
n,n,aak,k,naak,gap,0,0,
n,n,aek,k,naek,gap,0,0,
n,n,ak,k,nak,attested,1,1,諾
n,n,ek,k,nek,attested,4,4,惄愵溺𧗂
n,n,eok,k,neok,gap,0,0,
n,n,iaak,k,niaak,gap,0,0,
n,n,iak,k,niak,gap,0,0,
n,n,iek,k,niek,gap,0,0,
n,n,ik,k,nik,gap,0,0,
n,n,iok,k,niok,gap,0,0,
n,n,iuk,k,niuk,gap,0,0,
n,n,oek,k,noek,gap,0,0,
n,n,ok,k,nok,attested,4,4,傉搙耨褥
n,n,uaak,k,nuaak,gap,0,0,
n,n,uek,k,nuek,gap,0,0,
n,n,uk,k,nuk,attested,3,3,䎪䘅𣉘
n,n,waak,k,nwaak,gap,0,0,
n,n,waek,k,nwaek,gap,0,0,
n,n,yeok,k,nyeok,gap,0,0,
n,n,yk,k,nyk,gap,0,0,
n,n,aach,ch,naach,gap,0,0,
n,n,ach,ch,nach,gap,0,0,
n,n,aech,ch,naech,gap,0,0,
n,n,och,ch,noch,gap,0,0,
n,n,oech,ch,noech,gap,0,0,
n,n,uch,ch,nuch,gap,0,0,
n,n,uech,ch,nuech,gap,0,0,
n,n,aat,t,naat,gap,0,0,
n,n,aet,t,naet,gap,0,0,
n,n,at,t,nat,attested,3,3,捺䖧𤷈
n,n,eot,t,neot,gap,0,0,
n,n,et,t,net,gap,0,0,
n,n,iat,t,niat,gap,0,0,
n,n,iet,t,niet,gap,0,0,
n,n,it,t,nit,attested,12,12,圼苶捏涅菍篞㖏𡍤𤶚𥔄𦛠𦵐
n,n,oet,t,noet,gap,0,0,
n,n,ot,t,not,attested,5,5,抐肭訥㕯𣧍
n,n,t,t,nt,gap,0,0,
n,n,uet,t,nuet,gap,0,0,
n,n,ut,t,nut,gap,0,0,
n,n,waet,t,nwaet,gap,0,0,
n,n,wat,t,nwat,gap,0,0,
n,n,woet,t,nwoet,gap,0,0,
n,n,wot,t,nwot,gap,0,0,
n,n,yeot,t,nyeot,gap,0,0,
n,n,yt,t,nyt,gap,0,0,
n,n,aets,ts,naets,gap,0,0,
n,n,ats,ts,nats,gap,0,0,
n,n,eots,ts,neots,gap,0,0,
n,n,ets,ts,nets,gap,0,0,
n,n,aap,p,naap,gap,0,0,
n,n,aep,p,naep,gap,0,0,
n,n,ap,p,nap,attested,6,5,妠衲魶㨥䪏
n,n,eop,p,neop,gap,0,0,
n,n,ep,p,nep,attested,5,5,納笝軜蒳𩚛
n,n,iep,p,niep,gap,0,0,
n,n,ip,p,nip,attested,15,15,苶埝惗捻敜菍慹暬錜籋攝鑈
n,n,oep,p,noep,gap,0,0,
n,n,op,p,nop,gap,0,0,
n,n,p,p,np,gap,0,0,
n,n,yp,p,nyp,gap,0,0,
n,n,eov,v,neov,gap,0,0,
n,n,ev,v,nev,gap,0,0,
n,n,ov,v,nov,gap,0,0,
n,n,aenn,nn,naenn,gap,0,0,
n,n,ann,nn,nann,gap,0,0,
n,n,enn,nn,nenn,gap,0,0,
n,n,eonn,nn,neonn,gap,0,0,
n,n,onn,nn,nonn,gap,0,0,
n,n,aeyh,h,naeyh,gap,0,0,
n,n,ah,h,nah,gap,0,0,
n,n,ayh,h,nayh,gap,0,0,
n,n,emh,h,nemh,gap,0,0,
n,n,eomh,h,neomh,gap,0,0,
n,n,ueh,h,nueh,gap,0,0,
n,n,uh,h,nuh,gap,0,0,
n,n,r,r,nr,gap,0,0,
n,n,,open,n,gap,0,0,
n,n,a,open,na,attested,10,10,捼堧愞絮稬㛂䎠䏧𢫷𤲬
n,n,aa,open,naa,attested,7,7,娜挪臡㔮㡅𡖔𤘟
n,n,ae,open,nae,attested,10,8,那奈袲橠儺𠹈𢄴𩴓
n,n,au,open,nau,gap,0,0,
n,n,e,open,ne,gap,0,0,
n,n,eo,open,neo,gap,0,0,
n,n,eou,open,neou,gap,0,0,
n,n,eu,open,neu,gap,0,0,
n,n,ia,open,nia,gap,0,0,
n,n,iaeu,open,niaeu,gap,0,0,
n,n,iau,open,niau,attested,11,11,尿嫋嬈褭嬲㜵㒟㞙䃵𢴶𨲂
n,n,ie,open,nie,gap,0,0,
n,n,ieu,open,nieu,gap,0,0,
n,n,iou,open,niou,gap,0,0,
n,n,iu,open,niu,gap,0,0,
n,n,o,open,no,attested,14,11,奴努孥帑弩怒砮笯駑㚢𧉭
n,n,oe,open,noe,gap,0,0,
n,n,oeu,open,noeu,gap,0,0,
n,n,ou,open,nou,gap,0,0,
n,n,u,open,nu,gap,0,0,
n,n,ua,open,nua,gap,0,0,
n,n,uae,open,nuae,gap,0,0,
n,n,ue,open,nue,gap,0,0,
n,n,ueo,open,nueo,gap,0,0,
n,n,wa,open,nwa,gap,0,0,
n,n,wae,open,nwae,gap,0,0,
n,n,yeo,open,nyeo,gap,0,0,
n,n,yeou,open,nyeou,gap,0,0,
p,p,aan,n,paan,attested,2,2,盻𥌊
p,p,aen,n,paen,gap,0,0,
p,p,an,n,pan,attested,5,4,扳眅攀襻
p,p,en,n,pen,attested,10,9,扁偏媥萹篇翩鴘騗㾫
p,p,eon,n,peon,gap,0,0,
p,p,ian,n,pian,gap,0,0,
p,p,ien,n,pien,gap,0,0,
p,p,in,n,pin,attested,13,13,片砏虨繽㸤䎙䏒䚔𢣐𣎵𨷚𩰝
p,p,n,n,pn,gap,0,0,
p,p,oen,n,poen,gap,0,0,
p,p,on,n,pon,gap,0,0,
p,p,uaen,n,puaen,gap,0,0,
p,p,uan,n,puan,gap,0,0,
p,p,uen,n,puen,gap,0,0,
p,p,ueon,n,pueon,gap,0,0,
p,p,uin,n,puin,gap,0,0,
p,p,un,n,pun,gap,0,0,
p,p,waan,n,pwaan,gap,0,0,
p,p,waen,n,pwaen,gap,0,0,
p,p,wan,n,pwan,gap,0,0,
p,p,woen,n,pwoen,gap,0,0,
p,p,won,n,pwon,gap,0,0,
p,p,wyn,n,pwyn,gap,0,0,
p,p,yeon,n,pyeon,gap,0,0,
p,p,yn,n,pyn,gap,0,0,
p,p,aam,m,paam,gap,0,0,
p,p,aem,m,paem,gap,0,0,
p,p,am,m,pam,gap,0,0,
p,p,em,m,pem,gap,0,0,
p,p,eom,m,peom,gap,0,0,
p,p,iem,m,piem,gap,0,0,
p,p,im,m,pim,attested,1,1,品
p,p,m,m,pm,gap,0,0,
p,p,oem,m,poem,gap,0,0,
p,p,om,m,pom,gap,0,0,
p,p,ym,m,pym,gap,0,0,
p,p,yom,m,pyom,gap,0,0,
p,p,aang,ng,paang,attested,4,4,亨恲澎磅
p,p,aeng,ng,paeng,gap,0,0,
p,p,ang,ng,pang,attested,27,27,伻匉㛁怦抨肨姘砰胮弸皏雱
p,p,eng,ng,peng,attested,9,8,甹俜姘艵竮頩覮𢖊
p,p,eong,ng,peong,gap,0,0,
p,p,iaang,ng,piaang,gap,0,0,
p,p,iang,ng,piang,gap,0,0,
p,p,ieng,ng,pieng,gap,0,0,
p,p,ing,ng,ping,attested,4,4,俜娉砯聘
p,p,iong,ng,piong,gap,0,0,
p,p,iung,ng,piung,gap,0,0,
p,p,oeng,ng,poeng,gap,0,0,
p,p,ong,ng,pong,attested,17,17,丰仹妦峯捧桻烽㸼莑蜂鋒蘴
p,p,uaang,ng,puaang,gap,0,0,
p,p,ueng,ng,pueng,gap,0,0,
p,p,ung,ng,pung,attested,14,13,倗堋剻漰賵豐㒥寷㠦灃酆蘴
p,p,waang,ng,pwaang,gap,0,0,
p,p,waeng,ng,pwaeng,gap,0,0,
p,p,wang,ng,pwang,gap,0,0,
p,p,wueng,ng,pwueng,gap,0,0,
p,p,wung,ng,pwung,gap,0,0,
p,p,yang,ng,pyang,gap,0,0,
p,p,yeng,ng,pyeng,gap,0,0,
p,p,yeong,ng,pyeong,gap,0,0,
p,p,yng,ng,pyng,gap,0,0,
p,p,aay,y,paay,attested,7,7,派㭛㵺𠂢𣎵𣏕𥿯
p,p,aey,y,paey,gap,0,0,
p,p,ay,y,pay,attested,6,6,俖朏浿啡湃𡜊
p,p,eoy,y,peoy,gap,0,0,
p,p,ey,y,pey,gap,0,0,
p,p,uy,y,puy,gap,0,0,
p,p,waay,y,pwaay,gap,0,0,
p,p,waey,y,pwaey,gap,0,0,
p,p,way,y,pway,gap,0,0,
p,p,wey,y,pwey,gap,0,0,
p,p,wy,y,pwy,gap,0,0,
p,p,y,y,py,gap,0,0,
p,p,yay,y,pyay,gap,0,0,
p,p,aaw,w,paaw,gap,0,0,
p,p,aew,w,paew,gap,0,0,
p,p,aw,w,paw,attested,19,19,抛奅拋泡炮胞皰窌脬藨礮㯱
p,p,eow,w,peow,gap,0,0,
p,p,ew,w,pew,attested,1,1,麃
p,p,iaew,w,piaew,gap,0,0,
p,p,iaw,w,piaw,gap,0,0,
p,p,iew,w,piew,gap,0,0,
p,p,iw,w,piw,attested,21,15,杓僄勡彯漂膘瞟縹翲爂犥鏢
p,p,oew,w,poew,gap,0,0,
p,p,ow,w,pow,attested,10,10,仆剖婄豧蔀踣㰴䞳䯽䳝
p,p,yeow,w,pyeow,gap,0,0,
p,p,aei,i,paei,gap,0,0,
p,p,ai,i,pai,attested,5,5,沛浿霈㤄𥄔
p,p,i,i,pi,attested,73,65,丕庀仳㔻伾吡屁批疕帔怌披
p,p,uei,i,puei,gap,0,0,
p,p,waei,i,pwaei,gap,0,0,
p,p,wai,i,pwai,gap,0,0,
p,p,wi,i,pwi,gap,0,0,
p,p,aak,k,paak,attested,5,5,怕敀皛魄𠓗
p,p,aek,k,paek,attested,5,5,拍洦珀𤖼𧻙
p,p,ak,k,pak,attested,17,17,攴圤朴㺪鞄颮墣樸璞謈㩧糪
p,p,ek,k,pek,attested,7,7,僻劈澼憵癖霹䤨
p,p,eok,k,peok,gap,0,0,
p,p,iaak,k,piaak,gap,0,0,
p,p,iak,k,piak,gap,0,0,
p,p,iek,k,piek,gap,0,0,
p,p,ik,k,pik,attested,17,17,畐副堛愊揊辟稫僻廦踾癖疈
p,p,iok,k,piok,gap,0,0,
p,p,iuk,k,piuk,gap,0,0,
p,p,oek,k,poek,gap,0,0,
p,p,ok,k,pok,gap,0,0,
p,p,uaak,k,puaak,gap,0,0,
p,p,uek,k,puek,gap,0,0,
p,p,uk,k,puk,attested,22,21,攴扑副墣撲蝮骲蕧濼覆醭㙏
p,p,waak,k,pwaak,gap,0,0,
p,p,waek,k,pwaek,gap,0,0,
p,p,yeok,k,pyeok,gap,0,0,
p,p,yk,k,pyk,gap,0,0,
p,p,aach,ch,paach,gap,0,0,
p,p,ach,ch,pach,gap,0,0,
p,p,aech,ch,paech,gap,0,0,
p,p,och,ch,poch,gap,0,0,
p,p,oech,ch,poech,gap,0,0,
p,p,uch,ch,puch,gap,0,0,
p,p,uech,ch,puech,gap,0,0,
p,p,aat,t,paat,attested,4,4,汃𥐙𨋐𪗔
p,p,aet,t,paet,gap,0,0,
p,p,at,t,pat,gap,0,0,
p,p,eot,t,peot,gap,0,0,
p,p,et,t,pet,attested,4,4,潎憋瞥癟
p,p,iat,t,piat,gap,0,0,
p,p,iet,t,piet,gap,0,0,
p,p,it,t,pit,attested,14,14,丿匹嫳撆暼瞥鐅鷝䋢䏘䫾䭱
p,p,oet,t,poet,gap,0,0,
p,p,ot,t,pot,gap,0,0,
p,p,t,t,pt,gap,0,0,
p,p,uet,t,puet,gap,0,0,
p,p,ut,t,put,gap,0,0,
p,p,waet,t,pwaet,gap,0,0,
p,p,wat,t,pwat,gap,0,0,
p,p,woet,t,pwoet,gap,0,0,
p,p,wot,t,pwot,gap,0,0,
p,p,yeot,t,pyeot,gap,0,0,
p,p,yt,t,pyt,gap,0,0,
p,p,aets,ts,paets,gap,0,0,
p,p,ats,ts,pats,gap,0,0,
p,p,eots,ts,peots,gap,0,0,
p,p,ets,ts,pets,gap,0,0,
p,p,aap,p,paap,gap,0,0,
p,p,aep,p,paep,gap,0,0,
p,p,ap,p,pap,gap,0,0,
p,p,eop,p,peop,gap,0,0,
p,p,ep,p,pep,gap,0,0,
p,p,iep,p,piep,gap,0,0,
p,p,ip,p,pip,gap,0,0,
p,p,oep,p,poep,gap,0,0,
p,p,op,p,pop,gap,0,0,
p,p,p,p,pp,gap,0,0,
p,p,yp,p,pyp,gap,0,0,
p,p,eov,v,peov,gap,0,0,
p,p,ev,v,pev,gap,0,0,
p,p,ov,v,pov,gap,0,0,
p,p,aenn,nn,paenn,gap,0,0,
p,p,ann,nn,pann,gap,0,0,
p,p,enn,nn,penn,gap,0,0,
p,p,eonn,nn,peonn,gap,0,0,
p,p,onn,nn,ponn,gap,0,0,
p,p,aeyh,h,paeyh,gap,0,0,
p,p,ah,h,pah,gap,0,0,
p,p,ayh,h,payh,gap,0,0,
p,p,emh,h,pemh,gap,0,0,
p,p,eomh,h,peomh,gap,0,0,
p,p,ueh,h,pueh,gap,0,0,
p,p,uh,h,puh,gap,0,0,
p,p,r,r,pr,gap,0,0,
p,p,,open,p,gap,0,0,
p,p,a,open,pa,attested,9,9,吧妑帊怕舥蚆鈀葩𧣃
p,p,aa,open,paa,gap,0,0,
p,p,ae,open,pae,gap,0,0,
p,p,au,open,pau,gap,0,0,
p,p,e,open,pe,attested,1,1,潎
p,p,eo,open,peo,gap,0,0,
p,p,eou,open,peou,gap,0,0,
p,p,eu,open,peu,attested,19,16,剽嘌嫖慓摽㬓旚篻螵醥皫飄
p,p,ia,open,pia,gap,0,0,
p,p,iaeu,open,piaeu,gap,0,0,
p,p,iau,open,piau,gap,0,0,
p,p,ie,open,pie,gap,0,0,
p,p,ieu,open,pieu,gap,0,0,
p,p,iou,open,piou,gap,0,0,
p,p,iu,open,piu,gap,0,0,
p,p,o,open,po,attested,12,10,浦陠普痡誧豧䮒𢼹𥠵𨁏
p,p,oe,open,poe,gap,0,0,
p,p,oeu,open,poeu,gap,0,0,
p,p,ou,open,pou,attested,18,15,仆肧㤱秠紑衃副福醅覆䬌𡫺
p,p,u,open,pu,attested,10,9,怖悑烳溥墲鋪鯆𤸵𩹲
p,p,ua,open,pua,gap,0,0,
p,p,uae,open,puae,gap,0,0,
p,p,ue,open,pue,gap,0,0,
p,p,ueo,open,pueo,gap,0,0,
p,p,wa,open,pwa,gap,0,0,
p,p,wae,open,pwae,gap,0,0,
p,p,yeo,open,pyeo,gap,0,0,
p,p,yeou,open,pyeou,gap,0,0,
r,r,aan,n,raan,gap,0,0,
r,r,aen,n,raen,gap,0,0,
r,r,an,n,ran,attested,7,7,肰燃繎戁㒄𤡮𥳚
r,r,en,n,ren,attested,7,7,然㜣熯橪蹨䕼𤓉
r,r,eon,n,reon,gap,0,0,
r,r,ian,n,rian,gap,0,0,
r,r,ien,n,rien,gap,0,0,
r,r,in,n,rin,attested,17,17,人刃仁仞朲忍杒牣肕涊訒軔
r,r,n,n,rn,gap,0,0,
r,r,oen,n,roen,gap,0,0,
r,r,on,n,ron,gap,0,0,
r,r,uaen,n,ruaen,gap,0,0,
r,r,uan,n,ruan,gap,0,0,
r,r,uen,n,ruen,attested,24,21,耎偄軟堧愞㮕瑌腝䓴碝撋緛
r,r,ueon,n,rueon,gap,0,0,
r,r,uin,n,ruin,gap,0,0,
r,r,un,n,run,attested,9,9,眴䏰犉閠潤蝡瞤𣯍𩀋
r,r,waan,n,rwaan,gap,0,0,
r,r,waen,n,rwaen,gap,0,0,
r,r,wan,n,rwan,gap,0,0,
r,r,woen,n,rwoen,gap,0,0,
r,r,won,n,rwon,gap,0,0,
r,r,wyn,n,rwyn,gap,0,0,
r,r,yeon,n,ryeon,gap,0,0,
r,r,yn,n,ryn,gap,0,0,
r,r,aam,m,raam,gap,0,0,
r,r,aem,m,raem,gap,0,0,
r,r,am,m,ram,gap,0,0,
r,r,em,m,rem,gap,0,0,
r,r,eom,m,reom,gap,0,0,
r,r,iem,m,riem,gap,0,0,
r,r,im,m,rim,attested,50,42,壬冉任妊呥姌染柟苒恁栠紝
r,r,m,m,rm,gap,0,0,
r,r,oem,m,roem,gap,0,0,
r,r,om,m,rom,gap,0,0,
r,r,ym,m,rym,gap,0,0,
r,r,yom,m,ryom,gap,0,0,
r,r,aang,ng,raang,attested,15,12,儴勷孃攘瀼穰䉴讓鑲鬤䖆𥗝
r,r,aeng,ng,raeng,attested,14,13,壤懹獽欀蘘瓤禳蠰躟䑋𣀮𨟚
r,r,ang,ng,rang,gap,0,0,
r,r,eng,ng,reng,attested,6,4,扔㭁辸認
r,r,eong,ng,reong,gap,0,0,
r,r,iaang,ng,riaang,gap,0,0,
r,r,iang,ng,riang,gap,0,0,
r,r,ieng,ng,rieng,gap,0,0,
r,r,ing,ng,ring,attested,5,5,仍艿礽芿䚮
r,r,iong,ng,riong,gap,0,0,
r,r,iung,ng,riung,gap,0,0,
r,r,oeng,ng,roeng,attested,25,22,宂𢫨茸䇯軵搑榵穁氄髶穠襛
r,r,ong,ng,rong,gap,0,0,
r,r,uaang,ng,ruaang,gap,0,0,
r,r,ueng,ng,rueng,attested,9,9,戎狨㭜茙絨駥𠈋𢦦𥬪
r,r,ung,ng,rung,gap,0,0,
r,r,waang,ng,rwaang,gap,0,0,
r,r,waeng,ng,rwaeng,gap,0,0,
r,r,wang,ng,rwang,gap,0,0,
r,r,wueng,ng,rwueng,gap,0,0,
r,r,wung,ng,rwung,gap,0,0,
r,r,yang,ng,ryang,gap,0,0,
r,r,yeng,ng,ryeng,gap,0,0,
r,r,yeong,ng,ryeong,gap,0,0,
r,r,yng,ng,ryng,gap,0,0,
r,r,aay,y,raay,gap,0,0,
r,r,aey,y,raey,gap,0,0,
r,r,ay,y,ray,attested,1,1,疓
r,r,eoy,y,reoy,gap,0,0,
r,r,ey,y,rey,gap,0,0,
r,r,uy,y,ruy,gap,0,0,
r,r,waay,y,rwaay,gap,0,0,
r,r,waey,y,rwaey,gap,0,0,
r,r,way,y,rway,gap,0,0,
r,r,wey,y,rwey,gap,0,0,
r,r,wy,y,rwy,gap,0,0,
r,r,y,y,ry,gap,0,0,
r,r,yay,y,ryay,gap,0,0,
r,r,aaw,w,raaw,gap,0,0,
r,r,aew,w,raew,gap,0,0,
r,r,aw,w,raw,gap,0,0,
r,r,eow,w,reow,gap,0,0,
r,r,ew,w,rew,gap,0,0,
r,r,iaew,w,riaew,gap,0,0,
r,r,iaw,w,riaw,gap,0,0,
r,r,iew,w,riew,gap,0,0,
r,r,iw,w,riw,gap,0,0,
r,r,oew,w,roew,gap,0,0,
r,r,ow,w,row,gap,0,0,
r,r,yeow,w,ryeow,gap,0,0,
r,r,aei,i,raei,gap,0,0,
r,r,ai,i,rai,gap,0,0,
r,r,i,i,ri,gap,0,0,
r,r,uei,i,ruei,gap,0,0,
r,r,waei,i,rwaei,gap,0,0,
r,r,wai,i,rwai,gap,0,0,
r,r,wi,i,rwi,attested,17,13,䄲捼桵甤痿緌蕊蕤擩䬐繠蘂
r,r,aak,k,raak,attested,5,5,叒弱鄀溺蒻
r,r,aek,k,raek,attested,6,6,若惹楉箬䐞𨀝
r,r,ak,k,rak,gap,0,0,
r,r,ek,k,rek,gap,0,0,
r,r,eok,k,reok,gap,0,0,
r,r,iaak,k,riaak,gap,0,0,
r,r,iak,k,riak,gap,0,0,
r,r,iek,k,riek,gap,0,0,
r,r,ik,k,rik,gap,0,0,
r,r,iok,k,riok,gap,0,0,
r,r,iuk,k,riuk,gap,0,0,
r,r,oek,k,roek,attested,11,11,辱嗕媷溽鄏蓐縟褥㦺𩱜𪑾
r,r,ok,k,rok,gap,0,0,
r,r,uaak,k,ruaak,gap,0,0,
r,r,uek,k,ruek,attested,3,3,肉衄鮞
r,r,uk,k,ruk,gap,0,0,
r,r,waak,k,rwaak,gap,0,0,
r,r,waek,k,rwaek,gap,0,0,
r,r,yeok,k,ryeok,gap,0,0,
r,r,yk,k,ryk,gap,0,0,
r,r,aach,ch,raach,gap,0,0,
r,r,ach,ch,rach,gap,0,0,
r,r,aech,ch,raech,gap,0,0,
r,r,och,ch,roch,gap,0,0,
r,r,oech,ch,roech,gap,0,0,
r,r,uch,ch,ruch,gap,0,0,
r,r,uech,ch,ruech,gap,0,0,
r,r,aat,t,raat,gap,0,0,
r,r,aet,t,raet,gap,0,0,
r,r,at,t,rat,attested,1,1,𩭿
r,r,eot,t,reot,gap,0,0,
r,r,et,t,ret,attested,7,7,苶焫蜹熱爇㕯㨎
r,r,iat,t,riat,gap,0,0,
r,r,iet,t,riet,gap,0,0,
r,r,it,t,rit,attested,5,5,日㠴衵臸馹
r,r,oet,t,roet,gap,0,0,
r,r,ot,t,rot,gap,0,0,
r,r,t,t,rt,gap,0,0,
r,r,uet,t,ruet,gap,0,0,
r,r,ut,t,rut,gap,0,0,
r,r,waet,t,rwaet,gap,0,0,
r,r,wat,t,rwat,gap,0,0,
r,r,woet,t,rwoet,gap,0,0,
r,r,wot,t,rwot,gap,0,0,
r,r,yeot,t,ryeot,gap,0,0,
r,r,yt,t,ryt,gap,0,0,
r,r,aets,ts,raets,gap,0,0,
r,r,ats,ts,rats,gap,0,0,
r,r,eots,ts,reots,gap,0,0,
r,r,ets,ts,rets,gap,0,0,
r,r,aap,p,raap,gap,0,0,
r,r,aep,p,raep,gap,0,0,
r,r,ap,p,rap,gap,0,0,
r,r,eop,p,reop,gap,0,0,
r,r,ep,p,rep,gap,0,0,
r,r,iep,p,riep,gap,0,0,
r,r,ip,p,rip,attested,7,7,入廿喦囁讘顳𦣀
r,r,oep,p,roep,gap,0,0,
r,r,op,p,rop,gap,0,0,
r,r,p,p,rp,gap,0,0,
r,r,yp,p,ryp,gap,0,0,
r,r,eov,v,reov,gap,0,0,
r,r,ev,v,rev,gap,0,0,
r,r,ov,v,rov,gap,0,0,
r,r,aenn,nn,raenn,gap,0,0,
r,r,ann,nn,rann,gap,0,0,
r,r,enn,nn,renn,gap,0,0,
r,r,eonn,nn,reonn,gap,0,0,
r,r,onn,nn,ronn,gap,0,0,
r,r,aeyh,h,raeyh,gap,0,0,
r,r,ah,h,rah,gap,0,0,
r,r,ayh,h,rayh,gap,0,0,
r,r,emh,h,remh,gap,0,0,
r,r,eomh,h,reomh,gap,0,0,
r,r,ueh,h,rueh,gap,0,0,
r,r,uh,h,ruh,gap,0,0,
r,r,r,r,rr,gap,0,0,
r,r,,open,r,gap,0,0,
r,r,a,open,ra,gap,0,0,
r,r,aa,open,raa,gap,0,0,
r,r,ae,open,rae,attested,8,7,若偌婼渃惹𠰒𧧏
r,r,au,open,rau,gap,0,0,
r,r,e,open,re,gap,0,0,
r,r,eo,open,reo,gap,0,0,
r,r,eou,open,reou,attested,15,13,嬈橈蕘遶擾繞蟯襓饒㹛𢹎𤛾
r,r,eu,open,reu,gap,0,0,
r,r,ia,open,ria,gap,0,0,
r,r,iaeu,open,riaeu,gap,0,0,
r,r,iau,open,riau,gap,0,0,
r,r,ie,open,rie,gap,0,0,
r,r,ieu,open,rieu,attested,14,12,沑揉瑈葇蝚鞣騥㽥䰆𠘯𥠊𨛶
r,r,iou,open,riou,gap,0,0,
r,r,iu,open,riu,gap,0,0,
r,r,o,open,ro,gap,0,0,
r,r,oe,open,roe,gap,0,0,
r,r,oeu,open,roeu,attested,16,12,柔粈楺煣腬䐓蹂輮鍒韖鰇鶔
r,r,ou,open,rou,gap,0,0,
r,r,u,open,ru,attested,23,21,乳儒嚅嬬孺懦擩濡獳臑繻襦
r,r,ua,open,rua,gap,0,0,
r,r,uae,open,ruae,gap,0,0,
r,r,ue,open,rue,attested,23,18,如汝汭肗枘芮洳笍茹鈉蒘蜹
r,r,ueo,open,rueo,gap,0,0,
r,r,wa,open,rwa,gap,0,0,
r,r,wae,open,rwae,gap,0,0,
r,r,yeo,open,ryeo,gap,0,0,
r,r,yeou,open,ryeou,gap,0,0,
s,s,aan,n,saan,attested,15,13,孱棧僝嶘潺輚虥轏㟞䡲𠊩𡎻
s,s,aen,n,saen,gap,0,0,
s,s,an,n,san,attested,29,24,姍珊帴傘散棧跚䈀輚虥糤繖
s,s,en,n,sen,attested,61,52,仙秈苮惗善單硟僊尟尠僐僤
s,s,eon,n,seon,gap,0,0,
s,s,ian,n,sian,attested,12,11,篅諯踹譔饌籑䠣𤂳𤩄𩔊𩕖
s,s,ien,n,sien,attested,14,12,椯歂腨僝撰膞選㩊𤂿𦌔𦌻𦠆
s,s,in,n,sin,attested,62,59,卂先囟汛臣阠辛辰迅信姺昚
s,s,n,n,sn,gap,0,0,
s,s,oen,n,soen,gap,0,0,
s,s,on,n,son,attested,16,16,孫巽飧損搎猻愻蓀遜潠蕵㾕
s,s,uaen,n,suaen,gap,0,0,
s,s,uan,n,suan,gap,0,0,
s,s,uen,n,suen,attested,25,24,叀宣圌愃揎渲瑄輇遄僎鄟輲
s,s,ueon,n,sueon,gap,0,0,
s,s,uin,n,suin,gap,0,0,
s,s,un,n,sun,attested,49,49,迅姰峋恂洵畇郇埈峻浚珣笋
s,s,waan,n,swaan,gap,0,0,
s,s,waen,n,swaen,gap,0,0,
s,s,wan,n,swan,attested,14,14,狻祘笇痠筭算蒜酸撰匴篹饌
s,s,woen,n,swoen,gap,0,0,
s,s,won,n,swon,gap,0,0,
s,s,wyn,n,swyn,gap,0,0,
s,s,yeon,n,syeon,gap,0,0,
s,s,yn,n,syn,gap,0,0,
s,s,aam,m,saam,attested,15,12,嶃獑毚嚵巉酁欃艬讒鑱䪌䳻
s,s,aem,m,saem,gap,0,0,
s,s,am,m,sam,attested,21,20,三弎俕參閐槮毿犙糂蔘糝糣
s,s,em,m,sem,attested,19,18,嵁嶃獑毚儳鏨攙瀺酁欃讒饞
s,s,eom,m,seom,gap,0,0,
s,s,iem,m,siem,gap,0,0,
s,s,im,m,sim,attested,47,45,彡心伈岑忱杺侺枮甚剡涔笒
s,s,m,m,sm,gap,0,0,
s,s,oem,m,soem,gap,0,0,
s,s,om,m,som,gap,0,0,
s,s,ym,m,sym,gap,0,0,
s,s,yom,m,syom,gap,0,0,
s,s,aang,ng,saang,attested,5,5,崢傖鬇䚘𩫿
s,s,aeng,ng,saeng,gap,0,0,
s,s,ang,ng,sang,attested,59,53,丄上疒床尚牀狀桒相桑埩崝
s,s,eng,ng,seng,attested,17,14,星胜惺猩腥鉎睲箵篂醒鮏曐
s,s,eong,ng,seong,gap,0,0,
s,s,iaang,ng,siaang,gap,0,0,
s,s,iang,ng,siang,gap,0,0,
s,s,ieng,ng,sieng,gap,0,0,
s,s,ing,ng,sing,attested,30,28,丞成姓性承城省郕垶宬晟珹
s,s,iong,ng,siong,gap,0,0,
s,s,iung,ng,siung,gap,0,0,
s,s,oeng,ng,soeng,gap,0,0,
s,s,ong,ng,song,attested,25,24,宋倯凇悚淞尰竦傱愯慵瘇蜙
s,s,uaang,ng,suaang,gap,0,0,
s,s,ueng,ng,sueng,gap,0,0,
s,s,ung,ng,sung,attested,27,25,娀凇送崇崈崧㪌菘嵩硹僧憽
s,s,waang,ng,swaang,gap,0,0,
s,s,waeng,ng,swaeng,gap,0,0,
s,s,wang,ng,swang,gap,0,0,
s,s,wueng,ng,swueng,gap,0,0,
s,s,wung,ng,swung,gap,0,0,
s,s,yang,ng,syang,gap,0,0,
s,s,yeng,ng,syeng,gap,0,0,
s,s,yeong,ng,syeong,gap,0,0,
s,s,yng,ng,syng,gap,0,0,
s,s,aay,y,saay,attested,5,5,㧘査柴茈祡
s,s,aey,y,saey,attested,5,4,眦㾹𨌅𪗶
s,s,ay,y,say,attested,8,8,毢儕賽顋鰓麡𡺵𪃄
s,s,eoy,y,seoy,gap,0,0,
s,s,ey,y,sey,attested,8,8,豺愢揌粞塞䚡簺𢞝
s,s,uy,y,suy,gap,0,0,
s,s,waay,y,swaay,gap,0,0,
s,s,waey,y,swaey,gap,0,0,
s,s,way,y,sway,gap,0,0,
s,s,wey,y,swey,gap,0,0,
s,s,wy,y,swy,attested,13,13,挼啐毸碎嗺蓑膗誶繀䪎𢶀𤗯
s,s,y,y,sy,attested,24,23,西卤些𠧧洒洗屖栖細壻棲犀
s,s,yay,y,syay,gap,0,0,
s,s,aaw,w,saaw,gap,0,0,
s,s,aew,w,saew,gap,0,0,
s,s,aw,w,saw,attested,22,19,埽巢掃勦樔噪𦺋臊轈颾譟騷
s,s,eow,w,seow,gap,0,0,
s,s,ew,w,sew,attested,18,18,喿嫂慅搔溞缫鄛瘙燥繰髞鱢
s,s,iaew,w,siaew,gap,0,0,
s,s,iaw,w,siaw,gap,0,0,
s,s,iew,w,siew,gap,0,0,
s,s,iw,w,siw,gap,0,0,
s,s,oew,w,soew,gap,0,0,
s,s,ow,w,sow,attested,31,29,叜叟涑欶廀棷嗽嗾摗漱操瘶
s,s,yeow,w,syeow,gap,0,0,
s,s,aei,i,saei,gap,0,0,
s,s,ai,i,sai,attested,2,2,砦寨
s,s,i,i,si,attested,142,134,厶士亖氏仕司四市死㺨伺忯
s,s,uei,i,suei,gap,0,0,
s,s,waei,i,swaei,gap,0,0,
s,s,wai,i,swai,attested,3,3,𣩡𥊴𥕸
s,s,wi,i,swi,attested,48,47,夊垂倕浽祟奞眭荽荾圌脽陲
s,s,aak,k,saak,attested,5,5,咋岝泎齚齰
s,s,aek,k,saek,gap,0,0,
s,s,ak,k,sak,attested,27,27,汋丵捔浞索𢱢溹矠葃嘖鋜篧
s,s,ek,k,sek,attested,13,13,析㭊淅惁㱤菥皙緆蜥裼錫𧋐
s,s,eok,k,seok,gap,0,0,
s,s,iaak,k,siaak,gap,0,0,
s,s,iak,k,siak,gap,0,0,
s,s,iek,k,siek,gap,0,0,
s,s,ik,k,sik,attested,44,44,石昔息祏埴惜㨁寔崱棤植殖
s,s,iok,k,siok,gap,0,0,
s,s,iuk,k,siuk,gap,0,0,
s,s,oek,k,soek,gap,0,0,
s,s,ok,k,sok,attested,2,2,洬裻
s,s,uaak,k,suaak,gap,0,0,
s,s,uek,k,suek,gap,0,0,
s,s,uk,k,suk,attested,23,23,涑梀殐速棴塞嗽寨樕蔌遬餗
s,s,waak,k,swaak,gap,0,0,
s,s,waek,k,swaek,gap,0,0,
s,s,yeok,k,syeok,gap,0,0,
s,s,yk,k,syk,gap,0,0,
s,s,aach,ch,saach,gap,0,0,
s,s,ach,ch,sach,attested,7,7,勺仢妁汋杓芍削
s,s,aech,ch,saech,gap,0,0,
s,s,och,ch,soch,attested,19,19,玊涑属粟蜀㔄憟㻿襡屬襩鐲
s,s,oech,ch,soech,gap,0,0,
s,s,uch,ch,such,attested,31,31,玊夙婌孰宿淑肅塾㩋潚熟蓿
s,s,uech,ch,suech,gap,0,0,
s,s,aat,t,saat,gap,0,0,
s,s,aet,t,saet,gap,0,0,
s,s,at,t,sat,attested,12,12,摋耫攃薩躠𨰉㳐䉈𠱡𥻦𦼧𨐖
s,s,eot,t,seot,gap,0,0,
s,s,et,t,set,attested,24,23,折泄疶紲雪媟渫禼絬㨹緤辥
s,s,iat,t,siat,gap,0,0,
s,s,iet,t,siet,gap,0,0,
s,s,it,t,sit,attested,21,20,屑偰悉揳僁厀楔榍㴽膝窸糏
s,s,oet,t,soet,gap,0,0,
s,s,ot,t,sot,gap,0,0,
s,s,t,t,st,gap,0,0,
s,s,uet,t,suet,gap,0,0,
s,s,ut,t,sut,attested,15,15,戌卹恤欰珬訹賉銊㖅䳳𣸃𥚋
s,s,waet,t,swaet,gap,0,0,
s,s,wat,t,swat,gap,0,0,
s,s,woet,t,swoet,gap,0,0,
s,s,wot,t,swot,attested,7,7,窣㞕㲞𪅄𪌯𪍛𪖶
s,s,yeot,t,syeot,gap,0,0,
s,s,yt,t,syt,gap,0,0,
s,s,aets,ts,saets,gap,0,0,
s,s,ats,ts,sats,gap,0,0,
s,s,eots,ts,seots,gap,0,0,
s,s,ets,ts,sets,attested,3,2,𨵊𪗨
s,s,aap,p,saap,gap,0,0,
s,s,aep,p,saep,gap,0,0,
s,s,ap,p,sap,attested,19,18,趿鈒靸颯馺遪霅𢶍㚫㪪𠎷𠦃
s,s,eop,p,seop,gap,0,0,
s,s,ep,p,sep,attested,6,6,渫煠牐䮢𥯦𧼰
s,s,iep,p,siep,gap,0,0,
s,s,ip,p,sip,attested,32,32,十什卌拾涉徢屟𤗈蜨屧燮褶
s,s,oep,p,soep,gap,0,0,
s,s,op,p,sop,gap,0,0,
s,s,p,p,sp,gap,0,0,
s,s,yp,p,syp,gap,0,0,
s,s,eov,v,seov,gap,0,0,
s,s,ev,v,sev,gap,0,0,
s,s,ov,v,sov,gap,0,0,
s,s,aenn,nn,saenn,gap,0,0,
s,s,ann,nn,sann,attested,4,4,孱棧㲀𦿒
s,s,enn,nn,senn,attested,5,5,帘潺䡲𡎻𨬖
s,s,eonn,nn,seonn,gap,0,0,
s,s,onn,nn,sonn,gap,0,0,
s,s,aeyh,h,saeyh,gap,0,0,
s,s,ah,h,sah,attested,17,16,余些卸社鉈寫蝑闍鍦瀉䉣𣝒
s,s,ayh,h,sayh,gap,0,0,
s,s,emh,h,semh,gap,0,0,
s,s,eomh,h,seomh,gap,0,0,
s,s,ueh,h,sueh,gap,0,0,
s,s,uh,h,suh,attested,40,32,助胥野揟湑絮豠楈署耡蜍鉏
s,s,r,r,sr,gap,0,0,
s,s,,open,s,gap,0,0,
s,s,a,open,sa,attested,13,12,乍厏査苴楂槎蜡齰㢒䄍䶥𧧻
s,s,aa,open,saa,attested,15,14,些娑挱挲桫傞縒褨獻䓾䤬𠈱
s,s,ae,open,sae,gap,0,0,
s,s,au,open,sau,attested,28,26,筱翛踃嘯彇撨㩋潚瞍箾橚歗
s,s,e,open,se,attested,13,13,忕逝筮觢誓銴噬澨遾簭𣂯𦚨
s,s,eo,open,seo,gap,0,0,
s,s,eou,open,seou,gap,0,0,
s,s,eu,open,seu,attested,50,48,小召佋劭卲肖邵柖玿哨宵捎
s,s,ia,open,sia,gap,0,0,
s,s,iaeu,open,siaeu,gap,0,0,
s,s,iau,open,siau,gap,0,0,
s,s,ie,open,sie,gap,0,0,
s,s,ieu,open,sieu,gap,0,0,
s,s,iou,open,siou,gap,0,0,
s,s,iu,open,siu,gap,0,0,
s,s,o,open,so,attested,19,19,泝素傃訴酥嗉塐塑愬膆遡穌
s,s,oe,open,soe,gap,0,0,
s,s,oeu,open,soeu,gap,0,0,
s,s,ou,open,sou,attested,43,39,秀受修售宿授琇羞脩㑳愁蜏
s,s,u,open,su,attested,44,43,几殳杸洙陎殊茱娶尌隃須媰
s,s,ua,open,sua,gap,0,0,
s,s,uae,open,suae,gap,0,0,
s,s,ue,open,sue,attested,5,5,啜歲繐櫘𦄑
s,s,ueo,open,sueo,gap,0,0,
s,s,wa,open,swa,attested,25,25,唆梭莎莏惢溑葰瑣蓑趖魦髿
s,s,wae,open,swae,gap,0,0,
s,s,yeo,open,syeo,gap,0,0,
s,s,yeou,open,syeou,gap,0,0,
t,t,aan,n,taan,gap,0,0,
t,t,aen,n,taen,gap,0,0,
t,t,an,n,tan,attested,18,17,坦炭痑湠嘆嘽歎嬗擹譠攤灘
t,t,en,n,ten,gap,0,0,
t,t,eon,n,teon,gap,0,0,
t,t,ian,n,tian,gap,0,0,
t,t,ien,n,tien,gap,0,0,
t,t,in,n,tin,attested,25,25,天圢吞町蚕淟晪琠腆滇痶詽
t,t,n,n,tn,gap,0,0,
t,t,oen,n,toen,gap,0,0,
t,t,on,n,ton,attested,1,1,吞
t,t,uaen,n,tuaen,gap,0,0,
t,t,uan,n,tuan,gap,0,0,
t,t,uen,n,tuen,gap,0,0,
t,t,ueon,n,tueon,gap,0,0,
t,t,uin,n,tuin,gap,0,0,
t,t,un,n,tun,gap,0,0,
t,t,waan,n,twaan,gap,0,0,
t,t,waen,n,twaen,gap,0,0,
t,t,wan,n,twan,attested,14,13,彖偳湍湪煓瘓褖貒疃䵎䠪𤲫
t,t,woen,n,twoen,gap,0,0,
t,t,won,n,twon,attested,11,10,吨涒畽噋暾燉黗𤊯𧑒𪏆
t,t,wyn,n,twyn,gap,0,0,
t,t,yeon,n,tyeon,gap,0,0,
t,t,yn,n,tyn,gap,0,0,
t,t,aam,m,taam,gap,0,0,
t,t,aem,m,taem,gap,0,0,
t,t,am,m,tam,attested,40,37,㐁㘱䏙探聃舑貪傝毯菼僋睒
t,t,em,m,tem,attested,7,6,沾悿銛黇舚𨸱
t,t,eom,m,teom,gap,0,0,
t,t,iem,m,tiem,gap,0,0,
t,t,im,m,tim,attested,8,7,㐁忝栝添煔㮇䄼
t,t,m,m,tm,gap,0,0,
t,t,oem,m,toem,gap,0,0,
t,t,om,m,tom,gap,0,0,
t,t,ym,m,tym,gap,0,0,
t,t,yom,m,tyom,gap,0,0,
t,t,aang,ng,taang,gap,0,0,
t,t,aeng,ng,taeng,gap,0,0,
t,t,ang,ng,tang,attested,29,26,帑偒湯摥蝪蕩𧼮踼盪薚簜鏜
t,t,eng,ng,teng,attested,15,12,𡈼庁艼町侹桯脡綎䋼鞓廳𤱹
t,t,eong,ng,teong,gap,0,0,
t,t,iaang,ng,tiaang,gap,0,0,
t,t,iang,ng,tiang,gap,0,0,
t,t,ieng,ng,tieng,gap,0,0,
t,t,ing,ng,ting,attested,14,11,圢汀訂徎珽頲聽䦐䩠𦀚𦉬
t,t,iong,ng,tiong,gap,0,0,
t,t,iung,ng,tiung,gap,0,0,
t,t,oeng,ng,toeng,gap,0,0,
t,t,ong,ng,tong,attested,3,3,炵統𪎽
t,t,uaang,ng,tuaang,gap,0,0,
t,t,ueng,ng,tueng,gap,0,0,
t,t,ung,ng,tung,attested,19,16,侗俑恫捅桶痌通痛蓪曈膯鼟
t,t,waang,ng,twaang,gap,0,0,
t,t,waeng,ng,twaeng,gap,0,0,
t,t,wang,ng,twang,gap,0,0,
t,t,wueng,ng,twueng,gap,0,0,
t,t,wung,ng,twung,gap,0,0,
t,t,yang,ng,tyang,gap,0,0,
t,t,yeng,ng,tyeng,gap,0,0,
t,t,yeong,ng,tyeong,gap,0,0,
t,t,yng,ng,tyng,gap,0,0,
t,t,aay,y,taay,gap,0,0,
t,t,aey,y,taey,gap,0,0,
t,t,ay,y,tay,attested,8,8,太孡邰胎貸態曃𩬠
t,t,eoy,y,teoy,gap,0,0,
t,t,ey,y,tey,attested,8,8,台忕汰泰儓鮐㘆𧉟
t,t,uy,y,tuy,gap,0,0,
t,t,waay,y,twaay,gap,0,0,
t,t,waey,y,twaey,gap,0,0,
t,t,way,y,tway,attested,20,20,退推聉脮僓腿蓷骽藬㞂㞜㟎
t,t,wey,y,twey,gap,0,0,
t,t,wy,y,twy,gap,0,0,
t,t,y,y,ty,gap,0,0,
t,t,yay,y,tyay,gap,0,0,
t,t,aaw,w,taaw,gap,0,0,
t,t,aew,w,taew,gap,0,0,
t,t,aw,w,taw,attested,19,15,挑洮詜幍滔絛槄縚謟韜𠌪𠦎
t,t,eow,w,teow,gap,0,0,
t,t,ew,w,tew,attested,15,15,叨夲弢討慆搯瑫綢翢蜪䈱饕
t,t,iaew,w,tiaew,gap,0,0,
t,t,iaw,w,tiaw,gap,0,0,
t,t,iew,w,tiew,gap,0,0,
t,t,iw,w,tiw,gap,0,0,
t,t,oew,w,toew,gap,0,0,
t,t,ow,w,tow,attested,18,18,咅妵偷㰯透媮鈄飳鋀斢鍮黈
t,t,yeow,w,tyeow,gap,0,0,
t,t,aei,i,taei,gap,0,0,
t,t,ai,i,tai,gap,0,0,
t,t,i,i,ti,attested,37,36,戻𣧂达剃洟挮涕梯㔸替睇楴
t,t,uei,i,tuei,gap,0,0,
t,t,waei,i,twaei,gap,0,0,
t,t,wai,i,twai,attested,5,5,娧毻蛻裞駾
t,t,wi,i,twi,gap,0,0,
t,t,aak,k,taak,gap,0,0,
t,t,aek,k,taek,gap,0,0,
t,t,ak,k,tak,attested,18,18,侂拓沰矺託袥飥馲魠魄橐蘀
t,t,ek,k,tek,attested,11,11,悐惕逖詆摘籊趯䯜𠜓𢞒𩮜
t,t,eok,k,teok,gap,0,0,
t,t,iaak,k,tiaak,gap,0,0,
t,t,iak,k,tiak,gap,0,0,
t,t,iek,k,tiek,gap,0,0,
t,t,ik,k,tik,attested,10,10,倜剔硩逷蓨踢䚐䢰𤈥𥊕
t,t,iok,k,tiok,gap,0,0,
t,t,iuk,k,tiuk,gap,0,0,
t,t,oek,k,toek,gap,0,0,
t,t,ok,k,tok,gap,0,0,
t,t,uaak,k,tuaak,gap,0,0,
t,t,uek,k,tuek,gap,0,0,
t,t,uk,k,tuk,attested,11,11,忒秃貣慝鵚㥂㧹䛢𢬳𣬜𥊸
t,t,waak,k,twaak,gap,0,0,
t,t,waek,k,twaek,gap,0,0,
t,t,yeok,k,tyeok,gap,0,0,
t,t,yk,k,tyk,gap,0,0,
t,t,aach,ch,taach,gap,0,0,
t,t,ach,ch,tach,gap,0,0,
t,t,aech,ch,taech,gap,0,0,
t,t,och,ch,toch,gap,0,0,
t,t,oech,ch,toech,gap,0,0,
t,t,uch,ch,tuch,gap,0,0,
t,t,uech,ch,tuech,gap,0,0,
t,t,aat,t,taat,gap,0,0,
t,t,aet,t,taet,gap,0,0,
t,t,at,t,tat,attested,7,7,羍達獺闥䲚𣥂𦍒
t,t,eot,t,teot,gap,0,0,
t,t,et,t,tet,attested,6,6,汏㒓噧撻澾躂
t,t,iat,t,tiat,gap,0,0,
t,t,iet,t,tiet,gap,0,0,
t,t,it,t,tit,attested,8,8,蛈飻僣銕餮鐵驖𢶋
t,t,oet,t,toet,gap,0,0,
t,t,ot,t,tot,gap,0,0,
t,t,t,t,tt,gap,0,0,
t,t,uet,t,tuet,gap,0,0,
t,t,ut,t,tut,gap,0,0,
t,t,waet,t,twaet,gap,0,0,
t,t,wat,t,twat,attested,5,5,侻挩棁脫莌
t,t,woet,t,twoet,gap,0,0,
t,t,wot,t,twot,attested,7,7,宊棁㥆䠈𠫓𡿮𣅝
t,t,yeot,t,tyeot,gap,0,0,
t,t,yt,t,tyt,gap,0,0,
t,t,aets,ts,taets,gap,0,0,
t,t,ats,ts,tats,gap,0,0,
t,t,eots,ts,teots,gap,0,0,
t,t,ets,ts,tets,gap,0,0,
t,t,aap,p,taap,gap,0,0,
t,t,aep,p,taep,gap,0,0,
t,t,ap,p,tap,attested,41,41,佮狧㛥傝㭼嗒塔搭榻毾漯䈋
t,t,eop,p,teop,gap,0,0,
t,t,ep,p,tep,attested,5,5,帖跕㡇䩞𪔧
t,t,iep,p,tiep,gap,0,0,
t,t,ip,p,tip,attested,6,6,呫怗貼鉆蝶䑜
t,t,oep,p,toep,gap,0,0,
t,t,op,p,top,gap,0,0,
t,t,p,p,tp,gap,0,0,
t,t,yp,p,typ,gap,0,0,
t,t,eov,v,teov,gap,0,0,
t,t,ev,v,tev,gap,0,0,
t,t,ov,v,tov,gap,0,0,
t,t,aenn,nn,taenn,gap,0,0,
t,t,ann,nn,tann,gap,0,0,
t,t,enn,nn,tenn,gap,0,0,
t,t,eonn,nn,teonn,gap,0,0,
t,t,onn,nn,tonn,gap,0,0,
t,t,aeyh,h,taeyh,gap,0,0,
t,t,ah,h,tah,gap,0,0,
t,t,ayh,h,tayh,gap,0,0,
t,t,emh,h,temh,gap,0,0,
t,t,eomh,h,teomh,gap,0,0,
t,t,ueh,h,tueh,gap,0,0,
t,t,uh,h,tuh,gap,0,0,
t,t,r,r,tr,gap,0,0,
t,t,,open,t,gap,0,0,
t,t,a,open,ta,attested,9,9,他它佗拕拖痑蛇袉鼧
t,t,aa,open,taa,gap,0,0,
t,t,ae,open,tae,gap,0,0,
t,t,au,open,tau,gap,0,0,
t,t,e,open,te,gap,0,0,
t,t,eo,open,teo,gap,0,0,
t,t,eou,open,teou,gap,0,0,
t,t,eu,open,teu,gap,0,0,
t,t,ia,open,tia,gap,0,0,
t,t,iaeu,open,tiaeu,gap,0,0,
t,t,iau,open,tiau,attested,13,11,佻恌挑朓粜趒䠷銚窱蓧𣂁
t,t,ie,open,tie,gap,0,0,
t,t,ieu,open,tieu,attested,11,11,咷庣脁眺祧絩聎覜頫鋽糶
t,t,iou,open,tiou,gap,0,0,
t,t,iu,open,tiu,gap,0,0,
t,t,o,open,to,attested,20,18,土吐芏兔庩悇捈梌㻌稌菟嶀
t,t,oe,open,toe,gap,0,0,
t,t,oeu,open,toeu,gap,0,0,
t,t,ou,open,tou,gap,0,0,
t,t,u,open,tu,gap,0,0,
t,t,ua,open,tua,gap,0,0,
t,t,uae,open,tuae,gap,0,0,
t,t,ue,open,tue,gap,0,0,
t,t,ueo,open,tueo,gap,0,0,
t,t,wa,open,twa,attested,21,20,妥毤唾涶媠詑隋毻蛻墮嫷橢
t,t,wae,open,twae,gap,0,0,
t,t,yeo,open,tyeo,gap,0,0,
t,t,yeou,open,tyeou,gap,0,0,
v,v,aan,n,vaan,attested,1,1,嬽
v,v,aen,n,vaen,gap,0,0,
v,v,an,n,van,attested,24,23,沅垣爰原蚖袁園嫄愿榞榬遠
v,v,en,n,ven,attested,9,9,貟院媛援湲圓瑗褑圜
v,v,eon,n,veon,gap,0,0,
v,v,ian,n,vian,gap,0,0,
v,v,ien,n,vien,gap,0,0,
v,v,in,n,vin,attested,11,10,囩荺愪溳筠隕殞磒縜霣
v,v,n,n,vn,gap,0,0,
v,v,oen,n,voen,gap,0,0,
v,v,on,n,von,attested,13,11,元邧阮洹援猨獂蒝願𧻚𩕾
v,v,uaen,n,vuaen,gap,0,0,
v,v,uan,n,vuan,gap,0,0,
v,v,uen,n,vuen,gap,0,0,
v,v,ueon,n,vueon,gap,0,0,
v,v,uin,n,vuin,gap,0,0,
v,v,un,n,vun,attested,11,11,杬芫傆媛源溒猿謜騵鶢厵
v,v,waan,n,vwaan,gap,0,0,
v,v,waen,n,vwaen,gap,0,0,
v,v,wan,n,vwan,gap,0,0,
v,v,woen,n,vwoen,gap,0,0,
v,v,won,n,vwon,gap,0,0,
v,v,wyn,n,vwyn,gap,0,0,
v,v,yeon,n,vyeon,gap,0,0,
v,v,yn,n,vyn,gap,0,0,
v,v,aam,m,vaam,gap,0,0,
v,v,aem,m,vaem,gap,0,0,
v,v,am,m,vam,gap,0,0,
v,v,em,m,vem,gap,0,0,
v,v,eom,m,veom,gap,0,0,
v,v,iem,m,viem,gap,0,0,
v,v,im,m,vim,gap,0,0,
v,v,m,m,vm,gap,0,0,
v,v,oem,m,voem,gap,0,0,
v,v,om,m,vom,gap,0,0,
v,v,ym,m,vym,gap,0,0,
v,v,yom,m,vyom,gap,0,0,
v,v,aang,ng,vaang,attested,6,6,永咏泳詠醟蠑
v,v,aeng,ng,vaeng,attested,7,6,栐揘榮瑩禜嶸
v,v,ang,ng,vang,attested,11,9,王彺往旺迋蚟暀㤮𩵭
v,v,eng,ng,veng,gap,0,0,
v,v,eong,ng,veong,gap,0,0,
v,v,iaang,ng,viaang,gap,0,0,
v,v,iang,ng,viang,gap,0,0,
v,v,ieng,ng,vieng,gap,0,0,
v,v,ing,ng,ving,gap,0,0,
v,v,iong,ng,viong,gap,0,0,
v,v,iung,ng,viung,gap,0,0,
v,v,oeng,ng,voeng,gap,0,0,
v,v,ong,ng,vong,attested,7,6,尪汪洸瀇𨳮𪁘
v,v,uaang,ng,vuaang,gap,0,0,
v,v,ueng,ng,vueng,gap,0,0,
v,v,ung,ng,vung,attested,6,6,尣宖泓謍䤑㳹
v,v,waang,ng,vwaang,gap,0,0,
v,v,waeng,ng,vwaeng,gap,0,0,
v,v,wang,ng,vwang,gap,0,0,
v,v,wueng,ng,vwueng,gap,0,0,
v,v,wung,ng,vwung,gap,0,0,
v,v,yang,ng,vyang,gap,0,0,
v,v,yeng,ng,vyeng,gap,0,0,
v,v,yeong,ng,vyeong,gap,0,0,
v,v,yng,ng,vyng,gap,0,0,
v,v,aay,y,vaay,gap,0,0,
v,v,aey,y,vaey,gap,0,0,
v,v,ay,y,vay,attested,1,1,倄
v,v,eoy,y,veoy,gap,0,0,
v,v,ey,y,vey,attested,24,22,韋圍愇渭暐煒葦潿緭蝟鍏韙
v,v,uy,y,vuy,attested,21,21,囗胃偉婔媁媦幃湋彚椲煟瑋
v,v,waay,y,vwaay,gap,0,0,
v,v,waey,y,vwaey,gap,0,0,
v,v,way,y,vway,gap,0,0,
v,v,wey,y,vwey,gap,0,0,
v,v,wy,y,vwy,gap,0,0,
v,v,y,y,vy,gap,0,0,
v,v,yay,y,vyay,gap,0,0,
v,v,aaw,w,vaaw,gap,0,0,
v,v,aew,w,vaew,gap,0,0,
v,v,aw,w,vaw,gap,0,0,
v,v,eow,w,veow,gap,0,0,
v,v,ew,w,vew,gap,0,0,
v,v,iaew,w,viaew,gap,0,0,
v,v,iaw,w,viaw,gap,0,0,
v,v,iew,w,view,gap,0,0,
v,v,iw,w,viw,gap,0,0,
v,v,oew,w,voew,gap,0,0,
v,v,ow,w,vow,gap,0,0,
v,v,yeow,w,vyeow,gap,0,0,
v,v,aei,i,vaei,gap,0,0,
v,v,ai,i,vai,gap,0,0,
v,v,i,i,vi,attested,22,19,位洧為帷痏寪爲鄬儰潙蔿鮪
v,v,uei,i,vuei,gap,0,0,
v,v,waei,i,vwaei,gap,0,0,
v,v,wai,i,vwai,gap,0,0,
v,v,wi,i,vwi,gap,0,0,
v,v,aak,k,vaak,gap,0,0,
v,v,aek,k,vaek,gap,0,0,
v,v,ak,k,vak,gap,0,0,
v,v,ek,k,vek,gap,0,0,
v,v,eok,k,veok,gap,0,0,
v,v,iaak,k,viaak,gap,0,0,
v,v,iak,k,viak,gap,0,0,
v,v,iek,k,viek,gap,0,0,
v,v,ik,k,vik,gap,0,0,
v,v,iok,k,viok,gap,0,0,
v,v,iuk,k,viuk,gap,0,0,
v,v,oek,k,voek,gap,0,0,
v,v,ok,k,vok,gap,0,0,
v,v,uaak,k,vuaak,gap,0,0,
v,v,uek,k,vuek,gap,0,0,
v,v,uk,k,vuk,gap,0,0,
v,v,waak,k,vwaak,gap,0,0,
v,v,waek,k,vwaek,gap,0,0,
v,v,yeok,k,vyeok,gap,0,0,
v,v,yk,k,vyk,gap,0,0,
v,v,aach,ch,vaach,gap,0,0,
v,v,ach,ch,vach,gap,0,0,
v,v,aech,ch,vaech,gap,0,0,
v,v,och,ch,voch,gap,0,0,
v,v,oech,ch,voech,gap,0,0,
v,v,uch,ch,vuch,gap,0,0,
v,v,uech,ch,vuech,gap,0,0,
v,v,aat,t,vaat,gap,0,0,
v,v,aet,t,vaet,gap,0,0,
v,v,at,t,vat,attested,8,8,𡛟蚏粤越鉞熭𣐋𧊎
v,v,eot,t,veot,gap,0,0,
v,v,et,t,vet,attested,8,8,曰戉泧樾璏䋐𥩡𨒋
v,v,iat,t,viat,gap,0,0,
v,v,iet,t,viet,gap,0,0,
v,v,it,t,vit,gap,0,0,
v,v,oet,t,voet,gap,0,0,
v,v,ot,t,vot,gap,0,0,
v,v,t,t,vt,gap,0,0,
v,v,uet,t,vuet,gap,0,0,
v,v,ut,t,vut,gap,0,0,
v,v,waet,t,vwaet,gap,0,0,
v,v,wat,t,vwat,gap,0,0,
v,v,woet,t,vwoet,gap,0,0,
v,v,wot,t,vwot,gap,0,0,
v,v,yeot,t,vyeot,gap,0,0,
v,v,yt,t,vyt,gap,0,0,
v,v,aets,ts,vaets,gap,0,0,
v,v,ats,ts,vats,gap,0,0,
v,v,eots,ts,veots,gap,0,0,
v,v,ets,ts,vets,gap,0,0,
v,v,aap,p,vaap,gap,0,0,
v,v,aep,p,vaep,gap,0,0,
v,v,ap,p,vap,gap,0,0,
v,v,eop,p,veop,gap,0,0,
v,v,ep,p,vep,gap,0,0,
v,v,iep,p,viep,gap,0,0,
v,v,ip,p,vip,gap,0,0,
v,v,oep,p,voep,gap,0,0,
v,v,op,p,vop,gap,0,0,
v,v,p,p,vp,gap,0,0,
v,v,yp,p,vyp,gap,0,0,
v,v,eov,v,veov,gap,0,0,
v,v,ev,v,vev,gap,0,0,
v,v,ov,v,vov,gap,0,0,
v,v,aenn,nn,vaenn,gap,0,0,
v,v,ann,nn,vann,gap,0,0,
v,v,enn,nn,venn,gap,0,0,
v,v,eonn,nn,veonn,gap,0,0,
v,v,onn,nn,vonn,gap,0,0,
v,v,aeyh,h,vaeyh,gap,0,0,
v,v,ah,h,vah,gap,0,0,
v,v,ayh,h,vayh,gap,0,0,
v,v,emh,h,vemh,gap,0,0,
v,v,eomh,h,veomh,gap,0,0,
v,v,ueh,h,vueh,gap,0,0,
v,v,uh,h,vuh,gap,0,0,
v,v,r,r,vr,gap,0,0,
v,v,,open,v,gap,0,0,
v,v,a,open,va,gap,0,0,
v,v,aa,open,vaa,gap,0,0,
v,v,ae,open,vae,gap,0,0,
v,v,au,open,vau,gap,0,0,
v,v,e,open,ve,attested,13,13,軎彗槥熭璏衞轊讏㦣𤜂𥶽𧲔
v,v,eo,open,veo,gap,0,0,
v,v,eou,open,veou,gap,0,0,
v,v,eu,open,veu,gap,0,0,
v,v,ia,open,via,gap,0,0,
v,v,iaeu,open,viaeu,gap,0,0,
v,v,iau,open,viau,gap,0,0,
v,v,ie,open,vie,gap,0,0,
v,v,ieu,open,vieu,gap,0,0,
v,v,iou,open,viou,gap,0,0,
v,v,iu,open,viu,gap,0,0,
v,v,o,open,vo,gap,0,0,
v,v,oe,open,voe,gap,0,0,
v,v,oeu,open,voeu,gap,0,0,
v,v,ou,open,vou,gap,0,0,
v,v,u,open,vu,gap,0,0,
v,v,ua,open,vua,gap,0,0,
v,v,uae,open,vuae,gap,0,0,
v,v,ue,open,vue,gap,0,0,
v,v,ueo,open,vueo,gap,0,0,
v,v,wa,open,vwa,gap,0,0,
v,v,wae,open,vwae,gap,0,0,
v,v,yeo,open,vyeo,gap,0,0,
v,v,yeou,open,vyeou,gap,0,0,
w,w,aan,n,waan,gap,0,0,
w,w,aen,n,waen,gap,0,0,
w,w,an,n,wan,attested,9,9,刓园妧岏蚖貦頑䯈薍
w,w,en,n,wen,attested,4,4,玩羱黿𤸷
w,w,eon,n,weon,gap,0,0,
w,w,ian,n,wian,gap,0,0,
w,w,ien,n,wien,gap,0,0,
w,w,in,n,win,attested,5,4,忨抏翫𠒢
w,w,n,n,wn,gap,0,0,
w,w,oen,n,woen,gap,0,0,
w,w,on,n,won,attested,6,5,梱瘒諢顐㑮
w,w,uaen,n,wuaen,gap,0,0,
w,w,uan,n,wuan,gap,0,0,
w,w,uen,n,wuen,gap,0,0,
w,w,ueon,n,wueon,gap,0,0,
w,w,uin,n,wuin,gap,0,0,
w,w,un,n,wun,gap,0,0,
w,w,waan,n,wwaan,gap,0,0,
w,w,waen,n,wwaen,gap,0,0,
w,w,wan,n,wwan,gap,0,0,
w,w,woen,n,wwoen,gap,0,0,
w,w,won,n,wwon,gap,0,0,
w,w,wyn,n,wwyn,gap,0,0,
w,w,yeon,n,wyeon,gap,0,0,
w,w,yn,n,wyn,gap,0,0,
w,w,aam,m,waam,gap,0,0,
w,w,aem,m,waem,gap,0,0,
w,w,am,m,wam,gap,0,0,
w,w,em,m,wem,gap,0,0,
w,w,eom,m,weom,gap,0,0,
w,w,iem,m,wiem,gap,0,0,
w,w,im,m,wim,gap,0,0,
w,w,m,m,wm,gap,0,0,
w,w,oem,m,woem,gap,0,0,
w,w,om,m,wom,gap,0,0,
w,w,ym,m,wym,gap,0,0,
w,w,yom,m,wyom,gap,0,0,
w,w,aang,ng,waang,gap,0,0,
w,w,aeng,ng,waeng,gap,0,0,
w,w,ang,ng,wang,attested,29,27,亡妄汒网邙忘杗芒罔惘朚望
w,w,eng,ng,weng,gap,0,0,
w,w,eong,ng,weong,gap,0,0,
w,w,iaang,ng,wiaang,gap,0,0,
w,w,iang,ng,wiang,gap,0,0,
w,w,ieng,ng,wieng,gap,0,0,
w,w,ing,ng,wing,gap,0,0,
w,w,iong,ng,wiong,gap,0,0,
w,w,iung,ng,wiung,gap,0,0,
w,w,oeng,ng,woeng,gap,0,0,
w,w,ong,ng,wong,gap,0,0,
w,w,uaang,ng,wuaang,gap,0,0,
w,w,ueng,ng,wueng,gap,0,0,
w,w,ung,ng,wung,gap,0,0,
w,w,waang,ng,wwaang,gap,0,0,
w,w,waeng,ng,wwaeng,gap,0,0,
w,w,wang,ng,wwang,gap,0,0,
w,w,wueng,ng,wwueng,gap,0,0,
w,w,wung,ng,wwung,gap,0,0,
w,w,yang,ng,wyang,gap,0,0,
w,w,yeng,ng,wyeng,gap,0,0,
w,w,yeong,ng,wyeong,gap,0,0,
w,w,yng,ng,wyng,gap,0,0,
w,w,aay,y,waay,gap,0,0,
w,w,aey,y,waey,gap,0,0,
w,w,ay,y,way,attested,16,13,峞桅嵬隗磑頠鮠聵顡䃬䫥𦖥
w,w,eoy,y,weoy,gap,0,0,
w,w,ey,y,wey,attested,4,3,魏巍犩
w,w,uy,y,wuy,gap,0,0,
w,w,waay,y,wwaay,gap,0,0,
w,w,waey,y,wwaey,gap,0,0,
w,w,way,y,wway,gap,0,0,
w,w,wey,y,wwey,gap,0,0,
w,w,wy,y,wwy,gap,0,0,
w,w,y,y,wy,gap,0,0,
w,w,yay,y,wyay,gap,0,0,
w,w,aaw,w,waaw,gap,0,0,
w,w,aew,w,waew,gap,0,0,
w,w,aw,w,waw,gap,0,0,
w,w,eow,w,weow,gap,0,0,
w,w,ew,w,wew,gap,0,0,
w,w,iaew,w,wiaew,gap,0,0,
w,w,iaw,w,wiaw,gap,0,0,
w,w,iew,w,wiew,gap,0,0,
w,w,iw,w,wiw,gap,0,0,
w,w,oew,w,woew,gap,0,0,
w,w,ow,w,wow,gap,0,0,
w,w,yeow,w,wyeow,gap,0,0,
w,w,aei,i,waei,gap,0,0,
w,w,ai,i,wai,attested,1,1,外
w,w,i,i,wi,attested,29,27,危芛姽峗洈惟硊琟僞維撱頠
w,w,uei,i,wuei,gap,0,0,
w,w,waei,i,wwaei,gap,0,0,
w,w,wai,i,wwai,gap,0,0,
w,w,wi,i,wwi,gap,0,0,
w,w,aak,k,waak,gap,0,0,
w,w,aek,k,waek,gap,0,0,
w,w,ak,k,wak,gap,0,0,
w,w,ek,k,wek,gap,0,0,
w,w,eok,k,weok,gap,0,0,
w,w,iaak,k,wiaak,gap,0,0,
w,w,iak,k,wiak,gap,0,0,
w,w,iek,k,wiek,gap,0,0,
w,w,ik,k,wik,gap,0,0,
w,w,iok,k,wiok,gap,0,0,
w,w,iuk,k,wiuk,gap,0,0,
w,w,oek,k,woek,gap,0,0,
w,w,ok,k,wok,gap,0,0,
w,w,uaak,k,wuaak,gap,0,0,
w,w,uek,k,wuek,gap,0,0,
w,w,uk,k,wuk,gap,0,0,
w,w,waak,k,wwaak,gap,0,0,
w,w,waek,k,wwaek,gap,0,0,
w,w,yeok,k,wyeok,gap,0,0,
w,w,yk,k,wyk,gap,0,0,
w,w,aach,ch,waach,gap,0,0,
w,w,ach,ch,wach,gap,0,0,
w,w,aech,ch,waech,gap,0,0,
w,w,och,ch,woch,gap,0,0,
w,w,oech,ch,woech,gap,0,0,
w,w,uch,ch,wuch,gap,0,0,
w,w,uech,ch,wuech,gap,0,0,
w,w,aat,t,waat,gap,0,0,
w,w,aet,t,waet,gap,0,0,
w,w,at,t,wat,attested,7,6,月扤枂玥軏跀
w,w,eot,t,weot,gap,0,0,
w,w,et,t,wet,attested,6,6,刖抈鈅钀𦘹𧿁
w,w,iat,t,wiat,gap,0,0,
w,w,iet,t,wiet,gap,0,0,
w,w,it,t,wit,gap,0,0,
w,w,oet,t,woet,gap,0,0,
w,w,ot,t,wot,attested,16,16,兀刖屼扤杌矹軏鼿㽾䑢䦍𠨜
w,w,t,t,wt,gap,0,0,
w,w,uet,t,wuet,gap,0,0,
w,w,ut,t,wut,gap,0,0,
w,w,waet,t,wwaet,gap,0,0,
w,w,wat,t,wwat,gap,0,0,
w,w,woet,t,wwoet,gap,0,0,
w,w,wot,t,wwot,gap,0,0,
w,w,yeot,t,wyeot,gap,0,0,
w,w,yt,t,wyt,gap,0,0,
w,w,aets,ts,waets,gap,0,0,
w,w,ats,ts,wats,gap,0,0,
w,w,eots,ts,weots,gap,0,0,
w,w,ets,ts,wets,gap,0,0,
w,w,aap,p,waap,gap,0,0,
w,w,aep,p,waep,gap,0,0,
w,w,ap,p,wap,gap,0,0,
w,w,eop,p,weop,gap,0,0,
w,w,ep,p,wep,gap,0,0,
w,w,iep,p,wiep,gap,0,0,
w,w,ip,p,wip,gap,0,0,
w,w,oep,p,woep,gap,0,0,
w,w,op,p,wop,gap,0,0,
w,w,p,p,wp,gap,0,0,
w,w,yp,p,wyp,gap,0,0,
w,w,eov,v,weov,gap,0,0,
w,w,ev,v,wev,gap,0,0,
w,w,ov,v,wov,gap,0,0,
w,w,aenn,nn,waenn,gap,0,0,
w,w,ann,nn,wann,gap,0,0,
w,w,enn,nn,wenn,gap,0,0,
w,w,eonn,nn,weonn,gap,0,0,
w,w,onn,nn,wonn,gap,0,0,
w,w,aeyh,h,waeyh,gap,0,0,
w,w,ah,h,wah,gap,0,0,
w,w,ayh,h,wayh,gap,0,0,
w,w,emh,h,wemh,gap,0,0,
w,w,eomh,h,weomh,gap,0,0,
w,w,ueh,h,wueh,gap,0,0,
w,w,uh,h,wuh,gap,0,0,
w,w,r,r,wr,gap,0,0,
w,w,,open,w,gap,0,0,
w,w,a,open,wa,attested,9,7,瓦吪訛鈋㛂𠂬𣢉
w,w,aa,open,waa,gap,0,0,
w,w,ae,open,wae,gap,0,0,
w,w,au,open,wau,gap,0,0,
w,w,e,open,we,attested,6,6,囮臥邷魤譌𩨾
w,w,eo,open,weo,gap,0,0,
w,w,eou,open,weou,gap,0,0,
w,w,eu,open,weu,gap,0,0,
w,w,ia,open,wia,gap,0,0,
w,w,iaeu,open,wiaeu,gap,0,0,
w,w,iau,open,wiau,gap,0,0,
w,w,ie,open,wie,gap,0,0,
w,w,ieu,open,wieu,gap,0,0,
w,w,iou,open,wiou,gap,0,0,
w,w,iu,open,wiu,gap,0,0,
w,w,o,open,wo,gap,0,0,
w,w,oe,open,woe,gap,0,0,
w,w,oeu,open,woeu,gap,0,0,
w,w,ou,open,wou,gap,0,0,
w,w,u,open,wu,gap,0,0,
w,w,ua,open,wua,gap,0,0,
w,w,uae,open,wuae,gap,0,0,
w,w,ue,open,wue,gap,0,0,
w,w,ueo,open,wueo,gap,0,0,
w,w,wa,open,wwa,gap,0,0,
w,w,wae,open,wwae,gap,0,0,
w,w,yeo,open,wyeo,gap,0,0,
w,w,yeou,open,wyeou,gap,0,0,
x,x,aan,n,xaan,gap,0,0,
x,x,aen,n,xaen,gap,0,0,
x,x,an,n,xan,gap,0,0,
x,x,en,n,xen,gap,0,0,
x,x,eon,n,xeon,attested,5,5,涎羡䢭㳄𦆀
x,x,ian,n,xian,gap,0,0,
x,x,ien,n,xien,gap,0,0,
x,x,in,n,xin,attested,6,6,賮壗濜燼藎㶳
x,x,n,n,xn,gap,0,0,
x,x,oen,n,xoen,gap,0,0,
x,x,on,n,xon,gap,0,0,
x,x,uaen,n,xuaen,gap,0,0,
x,x,uan,n,xuan,gap,0,0,
x,x,uen,n,xuen,attested,21,21,旬巡侚徇洵畇紃殉循揗楯馴
x,x,ueon,n,xueon,attested,13,11,圓縼還璿鏇㔯㳬䍻𢳄𣟳𦛔
x,x,uin,n,xuin,gap,0,0,
x,x,un,n,xun,gap,0,0,
x,x,waan,n,xwaan,gap,0,0,
x,x,waen,n,xwaen,attested,1,1,鄹
x,x,wan,n,xwan,gap,0,0,
x,x,woen,n,xwoen,gap,0,0,
x,x,won,n,xwon,gap,0,0,
x,x,wyn,n,xwyn,gap,0,0,
x,x,yeon,n,xyeon,attested,13,11,旋琁蜁嫙璇𤩅䁢檈𤫀䗠𧾩
x,x,yn,n,xyn,gap,0,0,
x,x,aam,m,xaam,gap,0,0,
x,x,aem,m,xaem,gap,0,0,
x,x,am,m,xam,gap,0,0,
x,x,em,m,xem,gap,0,0,
x,x,eom,m,xeom,gap,0,0,
x,x,iem,m,xiem,gap,0,0,
x,x,im,m,xim,attested,25,25,枔尋撏潯鄩樳燅燖襑鬵㰊爓
x,x,m,m,xm,gap,0,0,
x,x,oem,m,xoem,gap,0,0,
x,x,om,m,xom,gap,0,0,
x,x,ym,m,xym,gap,0,0,
x,x,yom,m,xyom,gap,0,0,
x,x,aang,ng,xaang,attested,9,9,庠痒祥象勨潒蟓𦍙𨖶
x,x,aeng,ng,xaeng,attested,10,10,洋翔詳像嶑橡襐鱌𦺨𨀘
x,x,ang,ng,xang,gap,0,0,
x,x,eng,ng,xeng,gap,0,0,
x,x,eong,ng,xeong,gap,0,0,
x,x,iaang,ng,xiaang,gap,0,0,
x,x,iang,ng,xiang,gap,0,0,
x,x,ieng,ng,xieng,gap,0,0,
x,x,ing,ng,xing,attested,1,1,𩛿
x,x,iong,ng,xiong,gap,0,0,
x,x,iung,ng,xiung,gap,0,0,
x,x,oeng,ng,xoeng,attested,8,7,吅松淞訟頌誦㮤
x,x,ong,ng,xong,gap,0,0,
x,x,uaang,ng,xuaang,gap,0,0,
x,x,ueng,ng,xueng,gap,0,0,
x,x,ung,ng,xung,gap,0,0,
x,x,waang,ng,xwaang,gap,0,0,
x,x,waeng,ng,xwaeng,gap,0,0,
x,x,wang,ng,xwang,gap,0,0,
x,x,wueng,ng,xwueng,gap,0,0,
x,x,wung,ng,xwung,gap,0,0,
x,x,yang,ng,xyang,gap,0,0,
x,x,yeng,ng,xyeng,gap,0,0,
x,x,yeong,ng,xyeong,gap,0,0,
x,x,yng,ng,xyng,gap,0,0,
x,x,aay,y,xaay,gap,0,0,
x,x,aey,y,xaey,gap,0,0,
x,x,ay,y,xay,gap,0,0,
x,x,eoy,y,xeoy,gap,0,0,
x,x,ey,y,xey,gap,0,0,
x,x,uy,y,xuy,gap,0,0,
x,x,waay,y,xwaay,gap,0,0,
x,x,waey,y,xwaey,gap,0,0,
x,x,way,y,xway,gap,0,0,
x,x,wey,y,xwey,gap,0,0,
x,x,wy,y,xwy,attested,28,28,彗隋遂蔧澻隧隨檖燧璲穗穟
x,x,y,y,xy,gap,0,0,
x,x,yay,y,xyay,gap,0,0,
x,x,aaw,w,xaaw,gap,0,0,
x,x,aew,w,xaew,gap,0,0,
x,x,aw,w,xaw,gap,0,0,
x,x,eow,w,xeow,gap,0,0,
x,x,ew,w,xew,gap,0,0,
x,x,iaew,w,xiaew,gap,0,0,
x,x,iaw,w,xiaw,gap,0,0,
x,x,iew,w,xiew,gap,0,0,
x,x,iw,w,xiw,gap,0,0,
x,x,oew,w,xoew,gap,0,0,
x,x,ow,w,xow,gap,0,0,
x,x,yeow,w,xyeow,gap,0,0,
x,x,aei,i,xaei,gap,0,0,
x,x,ai,i,xai,gap,0,0,
x,x,i,i,xi,attested,34,34,巳寺汜似佀攺兕姒孠泤祀柌
x,x,uei,i,xuei,gap,0,0,
x,x,waei,i,xwaei,gap,0,0,
x,x,wai,i,xwai,gap,0,0,
x,x,wi,i,xwi,gap,0,0,
x,x,aak,k,xaak,gap,0,0,
x,x,aek,k,xaek,gap,0,0,
x,x,ak,k,xak,gap,0,0,
x,x,ek,k,xek,gap,0,0,
x,x,eok,k,xeok,gap,0,0,
x,x,iaak,k,xiaak,gap,0,0,
x,x,iak,k,xiak,gap,0,0,
x,x,iek,k,xiek,gap,0,0,
x,x,ik,k,xik,attested,6,6,夕汐穸席蓆𨛳
x,x,iok,k,xiok,gap,0,0,
x,x,iuk,k,xiuk,gap,0,0,
x,x,oek,k,xoek,gap,0,0,
x,x,ok,k,xok,gap,0,0,
x,x,uaak,k,xuaak,gap,0,0,
x,x,uek,k,xuek,gap,0,0,
x,x,uk,k,xuk,gap,0,0,
x,x,waak,k,xwaak,gap,0,0,
x,x,waek,k,xwaek,gap,0,0,
x,x,yeok,k,xyeok,gap,0,0,
x,x,yk,k,xyk,gap,0,0,
x,x,aach,ch,xaach,gap,0,0,
x,x,ach,ch,xach,gap,0,0,
x,x,aech,ch,xaech,gap,0,0,
x,x,och,ch,xoch,gap,0,0,
x,x,oech,ch,xoech,attested,4,4,俗藚續𩌮
x,x,uch,ch,xuch,gap,0,0,
x,x,uech,ch,xuech,gap,0,0,
x,x,aat,t,xaat,gap,0,0,
x,x,aet,t,xaet,gap,0,0,
x,x,at,t,xat,gap,0,0,
x,x,eot,t,xeot,attested,2,2,㿱𧋍
x,x,et,t,xet,gap,0,0,
x,x,iat,t,xiat,gap,0,0,
x,x,iet,t,xiet,gap,0,0,
x,x,it,t,xit,gap,0,0,
x,x,oet,t,xoet,gap,0,0,
x,x,ot,t,xot,gap,0,0,
x,x,t,t,xt,gap,0,0,
x,x,uet,t,xuet,gap,0,0,
x,x,ut,t,xut,gap,0,0,
x,x,waet,t,xwaet,gap,0,0,
x,x,wat,t,xwat,gap,0,0,
x,x,woet,t,xwoet,gap,0,0,
x,x,wot,t,xwot,gap,0,0,
x,x,yeot,t,xyeot,gap,0,0,
x,x,yt,t,xyt,gap,0,0,
x,x,aets,ts,xaets,gap,0,0,
x,x,ats,ts,xats,gap,0,0,
x,x,eots,ts,xeots,gap,0,0,
x,x,ets,ts,xets,gap,0,0,
x,x,aap,p,xaap,gap,0,0,
x,x,aep,p,xaep,gap,0,0,
x,x,ap,p,xap,gap,0,0,
x,x,eop,p,xeop,gap,0,0,
x,x,ep,p,xep,gap,0,0,
x,x,iep,p,xiep,gap,0,0,
x,x,ip,p,xip,attested,13,13,習槢褶隰霫飁騽襲鰼䒁𥱵𦸚
x,x,oep,p,xoep,gap,0,0,
x,x,op,p,xop,gap,0,0,
x,x,p,p,xp,gap,0,0,
x,x,yp,p,xyp,gap,0,0,
x,x,eov,v,xeov,gap,0,0,
x,x,ev,v,xev,gap,0,0,
x,x,ov,v,xov,gap,0,0,
x,x,aenn,nn,xaenn,gap,0,0,
x,x,ann,nn,xann,gap,0,0,
x,x,enn,nn,xenn,gap,0,0,
x,x,eonn,nn,xeonn,gap,0,0,
x,x,onn,nn,xonn,gap,0,0,
x,x,aeyh,h,xaeyh,gap,0,0,
x,x,ah,h,xah,gap,0,0,
x,x,ayh,h,xayh,gap,0,0,
x,x,emh,h,xemh,gap,0,0,
x,x,eomh,h,xeomh,gap,0,0,
x,x,ueh,h,xueh,gap,0,0,
x,x,uh,h,xuh,gap,0,0,
x,x,r,r,xr,gap,0,0,
x,x,,open,x,gap,0,0,
x,x,a,open,xa,gap,0,0,
x,x,aa,open,xaa,attested,5,5,灺抯斜謝䔑
x,x,ae,open,xae,attested,5,5,邪衺榭㴬䵦
x,x,au,open,xau,gap,0,0,
x,x,e,open,xe,gap,0,0,
x,x,eo,open,xeo,gap,0,0,
x,x,eou,open,xeou,gap,0,0,
x,x,eu,open,xeu,gap,0,0,
x,x,ia,open,xia,gap,0,0,
x,x,iaeu,open,xiaeu,gap,0,0,
x,x,iau,open,xiau,gap,0,0,
x,x,ie,open,xie,gap,0,0,
x,x,ieu,open,xieu,gap,0,0,
x,x,iou,open,xiou,gap,0,0,
x,x,iu,open,xiu,gap,0,0,
x,x,o,open,xo,gap,0,0,
x,x,oe,open,xoe,gap,0,0,
x,x,oeu,open,xoeu,attested,10,10,囚汓岫泅牰苬袖慒鮂𥥉
x,x,ou,open,xou,gap,0,0,
x,x,u,open,xu,gap,0,0,
x,x,ua,open,xua,gap,0,0,
x,x,uae,open,xuae,gap,0,0,
x,x,ue,open,xue,attested,16,16,序抒俆徐敘漵緒嶼藇鱮䍱䣄
x,x,ueo,open,xueo,attested,9,9,軎彗槥篲轊鏏𢅫𥱵𪔊
x,x,wa,open,xwa,gap,0,0,
x,x,wae,open,xwae,gap,0,0,
x,x,yeo,open,xyeo,gap,0,0,
x,x,yeou,open,xyeou,gap,0,0,
y,y,aan,n,yaan,gap,0,0,
y,y,aen,n,yaen,gap,0,0,
y,y,an,n,yan,gap,0,0,
y,y,en,n,yen,attested,32,26,延衍埏涎焉狿郔羡莚演漹筵
y,y,eon,n,yeon,gap,0,0,
y,y,ian,n,yian,gap,0,0,
y,y,ien,n,yien,gap,0,0,
y,y,in,n,yin,attested,31,24,廴引弞洕蚓寅鈏靷夤酳戭蔩
y,y,n,n,yn,attested,13,13,姸狺訔豜猌硯銀嚚檭礥㿼𪙤
y,y,oen,n,yoen,gap,0,0,
y,y,on,n,yon,gap,0,0,
y,y,uaen,n,yuaen,gap,0,0,
y,y,uan,n,yuan,gap,0,0,
y,y,uen,n,yuen,attested,26,26,抁沇兖沿捐掾渷萒鈆鉛馻鳶
y,y,ueon,n,yueon,gap,0,0,
y,y,uin,n,yuin,gap,0,0,
y,y,un,n,yun,attested,10,10,尹允勻狁玧畇馻䪳𡴞𧉃
y,y,waan,n,ywaan,gap,0,0,
y,y,waen,n,ywaen,gap,0,0,
y,y,wan,n,ywan,gap,0,0,
y,y,woen,n,ywoen,gap,0,0,
y,y,won,n,ywon,gap,0,0,
y,y,wyn,n,ywyn,gap,0,0,
y,y,yeon,n,yyeon,gap,0,0,
y,y,yn,n,yyn,gap,0,0,
y,y,aam,m,yaam,gap,0,0,
y,y,aem,m,yaem,gap,0,0,
y,y,am,m,yam,gap,0,0,
y,y,em,m,yem,attested,1,1,炎
y,y,eom,m,yeom,gap,0,0,
y,y,iem,m,yiem,gap,0,0,
y,y,im,m,yim,attested,51,49,冘夵阽剡婬淊淡淫扊棪焰焱
y,y,m,m,ym,attested,4,4,乑䫴𠪚𪔰
y,y,oem,m,yoem,gap,0,0,
y,y,om,m,yom,gap,0,0,
y,y,ym,m,yym,gap,0,0,
y,y,yom,m,yyom,gap,0,0,
y,y,aang,ng,yaang,gap,0,0,
y,y,aeng,ng,yaeng,gap,0,0,
y,y,ang,ng,yang,attested,25,22,羊佯徉昜恙样𦭵崵陽敭暘楊
y,y,eng,ng,yeng,attested,25,21,洋烊痒眻羕揚蛘煬瑒詳漾瘍
y,y,eong,ng,yeong,gap,0,0,
y,y,iaang,ng,yiaang,gap,0,0,
y,y,iang,ng,yiang,gap,0,0,
y,y,ieng,ng,yieng,gap,0,0,
y,y,ing,ng,ying,attested,31,31,孕盈浧郢梬𨜏塋媵楹潁膡嬴
y,y,iong,ng,yiong,gap,0,0,
y,y,iung,ng,yiung,gap,0,0,
y,y,oeng,ng,yoeng,gap,0,0,
y,y,ong,ng,yong,attested,51,49,用甬俑勇埇容悀涌庸恿䡆傛
y,y,uaang,ng,yuaang,gap,0,0,
y,y,ueng,ng,yueng,gap,0,0,
y,y,ung,ng,yung,attested,5,5,肜雄熊融瀜
y,y,waang,ng,ywaang,gap,0,0,
y,y,waeng,ng,ywaeng,gap,0,0,
y,y,wang,ng,ywang,gap,0,0,
y,y,wueng,ng,ywueng,gap,0,0,
y,y,wung,ng,ywung,gap,0,0,
y,y,yang,ng,yyang,gap,0,0,
y,y,yeng,ng,yyeng,gap,0,0,
y,y,yeong,ng,yyeong,gap,0,0,
y,y,yng,ng,yyng,gap,0,0,
y,y,aay,y,yaay,gap,0,0,
y,y,aey,y,yaey,gap,0,0,
y,y,ay,y,yay,attested,3,3,佁䑂𦚪
y,y,eoy,y,yeoy,gap,0,0,
y,y,ey,y,yey,gap,0,0,
y,y,uy,y,yuy,gap,0,0,
y,y,waay,y,ywaay,gap,0,0,
y,y,waey,y,ywaey,gap,0,0,
y,y,way,y,yway,gap,0,0,
y,y,wey,y,ywey,gap,0,0,
y,y,wy,y,ywy,gap,0,0,
y,y,y,y,yy,gap,0,0,
y,y,yay,y,yyay,gap,0,0,
y,y,aaw,w,yaaw,gap,0,0,
y,y,aew,w,yaew,gap,0,0,
y,y,aw,w,yaw,gap,0,0,
y,y,eow,w,yeow,gap,0,0,
y,y,ew,w,yew,attested,2,2,鴞𨚙
y,y,iaew,w,yiaew,gap,0,0,
y,y,iaw,w,yiaw,gap,0,0,
y,y,iew,w,yiew,gap,0,0,
y,y,iw,w,yiw,gap,0,0,
y,y,oew,w,yoew,gap,0,0,
y,y,ow,w,yow,gap,0,0,
y,y,yeow,w,yyeow,gap,0,0,
y,y,aei,i,yaei,gap,0,0,
y,y,ai,i,yai,gap,0,0,
y,y,i,i,yi,gap,0,0,
y,y,uei,i,yuei,gap,0,0,
y,y,waei,i,ywaei,gap,0,0,
y,y,wai,i,ywai,gap,0,0,
y,y,wi,i,ywi,gap,0,0,
y,y,aak,k,yaak,gap,0,0,
y,y,aek,k,yaek,gap,0,0,
y,y,ak,k,yak,attested,18,18,礿敫㜰藥蘥躍禴籥籰鸙㿑䋤
y,y,ek,k,yek,attested,18,18,龠櫟瀹爚纅鑰䖃䟑䠯䢲𠩃𤄶
y,y,eok,k,yeok,gap,0,0,
y,y,iaak,k,yiaak,gap,0,0,
y,y,iak,k,yiak,gap,0,0,
y,y,iek,k,yiek,gap,0,0,
y,y,ik,k,yik,attested,79,79,弋亦坄役杙芅易炈奕帟弈疫
y,y,iok,k,yiok,gap,0,0,
y,y,iuk,k,yiuk,gap,0,0,
y,y,oek,k,yoek,gap,0,0,
y,y,ok,k,yok,attested,9,9,谷浴欲輍慾鋊鵒𤞞𩀑
y,y,uaak,k,yuaak,gap,0,0,
y,y,uek,k,yuek,gap,0,0,
y,y,uk,k,yuk,attested,26,26,育哊囿昱堉淯喅棛焴粥𦱀逳
y,y,waak,k,ywaak,gap,0,0,
y,y,waek,k,ywaek,gap,0,0,
y,y,yeok,k,yyeok,gap,0,0,
y,y,yk,k,yyk,gap,0,0,
y,y,aach,ch,yaach,gap,0,0,
y,y,ach,ch,yach,gap,0,0,
y,y,aech,ch,yaech,gap,0,0,
y,y,och,ch,yoch,gap,0,0,
y,y,oech,ch,yoech,gap,0,0,
y,y,uch,ch,yuch,gap,0,0,
y,y,uech,ch,yuech,gap,0,0,
y,y,aat,t,yaat,gap,0,0,
y,y,aet,t,yaet,gap,0,0,
y,y,at,t,yat,attested,4,4,抴娧蛻說
y,y,eot,t,yeot,gap,0,0,
y,y,et,t,yet,attested,4,4,悅閱䓲𧀲
y,y,iat,t,yiat,gap,0,0,
y,y,iet,t,yiet,gap,0,0,
y,y,it,t,yit,attested,12,12,佚劮佾欥泆軼逸溢鎰齸䭿䳀
y,y,oet,t,yoet,gap,0,0,
y,y,ot,t,yot,gap,0,0,
y,y,t,t,yt,attested,8,8,汨嵲蜺臲闑㔎𠡝𡶫
y,y,uet,t,yuet,gap,0,0,
y,y,ut,t,yut,attested,21,21,聿欥芛矞銉噊潏燏遹鴪繘𧑐
y,y,waet,t,ywaet,gap,0,0,
y,y,wat,t,ywat,gap,0,0,
y,y,woet,t,ywoet,gap,0,0,
y,y,wot,t,ywot,gap,0,0,
y,y,yeot,t,yyeot,gap,0,0,
y,y,yt,t,yyt,gap,0,0,
y,y,aets,ts,yaets,gap,0,0,
y,y,ats,ts,yats,gap,0,0,
y,y,eots,ts,yeots,gap,0,0,
y,y,ets,ts,yets,gap,0,0,
y,y,aap,p,yaap,gap,0,0,
y,y,aep,p,yaep,gap,0,0,
y,y,ap,p,yap,gap,0,0,
y,y,eop,p,yeop,gap,0,0,
y,y,ep,p,yep,attested,9,9,殜曄曅燁皣瞱饁爗𩐱
y,y,iep,p,yiep,gap,0,0,
y,y,ip,p,yip,attested,12,12,枼偞揲孴楪殜煠葉熠䈎鍱㯿
y,y,oep,p,yoep,gap,0,0,
y,y,op,p,yop,gap,0,0,
y,y,p,p,yp,attested,3,3,岌曄㱞
y,y,yp,p,yyp,gap,0,0,
y,y,eov,v,yeov,gap,0,0,
y,y,ev,v,yev,gap,0,0,
y,y,ov,v,yov,gap,0,0,
y,y,aenn,nn,yaenn,gap,0,0,
y,y,ann,nn,yann,gap,0,0,
y,y,enn,nn,yenn,gap,0,0,
y,y,eonn,nn,yeonn,gap,0,0,
y,y,onn,nn,yonn,gap,0,0,
y,y,aeyh,h,yaeyh,gap,0,0,
y,y,ah,h,yah,gap,0,0,
y,y,ayh,h,yayh,gap,0,0,
y,y,emh,h,yemh,gap,0,0,
y,y,eomh,h,yeomh,gap,0,0,
y,y,ueh,h,yueh,gap,0,0,
y,y,uh,h,yuh,gap,0,0,
y,y,r,r,yr,attested,56,53,二尒弍而耳佴兒刵咡㛅峏洏
y,y,,open,y,attested,161,150,巳以匜台圯夷异扡伿佁宐攺
y,y,a,open,ya,attested,21,21,也冶邪夜耶虵射斜野釾椰瑘
y,y,aa,open,yaa,gap,0,0,
y,y,ae,open,yae,gap,0,0,
y,y,au,open,yau,attested,30,29,抭恌筄軺愮摇溔猺瑤䔄覞餆
y,y,e,open,ye,attested,29,29,丿𠂆曵呭抴泄枻洩袣詍跇裔
y,y,eo,open,yeo,gap,0,0,
y,y,eou,open,yeou,gap,0,0,
y,y,eu,open,yeu,attested,30,29,姚洮烑珧舀陶傜嗂媱搖榣遙
y,y,ia,open,yia,gap,0,0,
y,y,iaeu,open,yiaeu,gap,0,0,
y,y,iau,open,yiau,gap,0,0,
y,y,ie,open,yie,gap,0,0,
y,y,ieu,open,yieu,gap,0,0,
y,y,iou,open,yiou,gap,0,0,
y,y,iu,open,yiu,attested,55,51,又冘友尤右卣囮忧抌攸沋甹
y,y,o,open,yo,gap,0,0,
y,y,oe,open,yoe,gap,0,0,
y,y,oeu,open,yoeu,gap,0,0,
y,y,ou,open,you,attested,59,51,由有丣佑油狖邮宥斿柚牰疣
y,y,u,open,yu,attested,121,103,与予伃余妤忬抌臾俞悇狳舀
y,y,ua,open,yua,gap,0,0,
y,y,uae,open,yuae,gap,0,0,
y,y,ue,open,yue,attested,6,6,睿蜹銳銴叡䓲
y,y,ueo,open,yueo,gap,0,0,
y,y,wa,open,ywa,gap,0,0,
y,y,wae,open,ywae,gap,0,0,
y,y,yeo,open,yyeo,gap,0,0,
y,y,yeou,open,yyeou,gap,0,0,
z,z,aan,n,zaan,attested,2,2,虥𡎻
z,z,aen,n,zaen,gap,0,0,
z,z,an,n,zan,attested,27,23,戔帴殘賛攅鄼瓉囋㜺灒讃禶
z,z,en,n,zen,attested,39,30,俴剪帴媊揃湔煎葏葥戩㨵榗
z,z,eon,n,zeon,gap,0,0,
z,z,ian,n,zian,gap,0,0,
z,z,ien,n,zien,gap,0,0,
z,z,in,n,zin,attested,46,43,枃前洊津晉栫歬荐帴淺湔牋
z,z,n,n,zn,gap,0,0,
z,z,oen,n,zoen,gap,0,0,
z,z,on,n,zon,attested,25,24,存𨚲拵捘栫焌尊臶袸僔噂嶟
z,z,uaen,n,zuaen,gap,0,0,
z,z,uan,n,zuan,gap,0,0,
z,z,uen,n,zuen,attested,19,19,仝全吮泉牷隽剶朘葲雋鋑臇
z,z,ueon,n,zueon,gap,0,0,
z,z,uin,n,zuin,gap,0,0,
z,z,un,n,zun,attested,18,17,俊晙焌畯跧僎儁㕙嶟餕寯遵
z,z,waan,n,zwaan,gap,0,0,
z,z,waen,n,zwaen,gap,0,0,
z,z,wan,n,zwan,attested,26,22,菆攅繤鄼櫕纂儹劗纉巑酇鑚
z,z,woen,n,zwoen,gap,0,0,
z,z,won,n,zwon,gap,0,0,
z,z,wyn,n,zwyn,gap,0,0,
z,z,yeon,n,zyeon,gap,0,0,
z,z,yn,n,zyn,gap,0,0,
z,z,aam,m,zaam,gap,0,0,
z,z,aem,m,zaem,gap,0,0,
z,z,am,m,zam,attested,19,15,寁慚慙撍暫槧鏨鐕蠶㟛㨻䍼
z,z,em,m,zem,attested,15,14,昝嵌㔆撏歜篸簪蹔㣅䐶䣟䭕
z,z,eom,m,zeom,gap,0,0,
z,z,iem,m,ziem,gap,0,0,
z,z,im,m,zim,attested,65,56,尖兓埐浸梣梫朁祲鈂綅僭漸
z,z,m,m,zm,gap,0,0,
z,z,oem,m,zoem,gap,0,0,
z,z,om,m,zom,gap,0,0,
z,z,ym,m,zym,gap,0,0,
z,z,yom,m,zyom,gap,0,0,
z,z,aang,ng,zaang,gap,0,0,
z,z,aeng,ng,zaeng,gap,0,0,
z,z,ang,ng,zang,attested,44,39,匠佯戕匨奘样將葬臧槳漿獎
z,z,eng,ng,zeng,attested,1,1,汫
z,z,eong,ng,zeong,gap,0,0,
z,z,iaang,ng,ziaang,gap,0,0,
z,z,iang,ng,ziang,gap,0,0,
z,z,ieng,ng,zieng,gap,0,0,
z,z,ing,ng,zing,attested,33,29,妌阱夝穽婧情淨猙𩇕晴睜竫
z,z,iong,ng,ziong,gap,0,0,
z,z,iung,ng,ziung,gap,0,0,
z,z,oeng,ng,zoeng,gap,0,0,
z,z,ong,ng,zong,attested,32,30,从宗倧孮從悰淙琮慒綜樅潨
z,z,uaang,ng,zuaang,gap,0,0,
z,z,ueng,ng,zueng,gap,0,0,
z,z,ung,ng,zung,attested,68,57,偬堫嵕揔曾猣椶㷓葼嵸䁓稯
z,z,waang,ng,zwaang,gap,0,0,
z,z,waeng,ng,zwaeng,gap,0,0,
z,z,wang,ng,zwang,gap,0,0,
z,z,wueng,ng,zwueng,gap,0,0,
z,z,wung,ng,zwung,gap,0,0,
z,z,yang,ng,zyang,gap,0,0,
z,z,yeng,ng,zyeng,gap,0,0,
z,z,yeong,ng,zyeong,gap,0,0,
z,z,yng,ng,zyng,gap,0,0,
z,z,aay,y,zaay,gap,0,0,
z,z,aey,y,zaey,gap,0,0,
z,z,ay,y,zay,attested,39,32,才再在材災灾哉宰栽烖財渽
z,z,eoy,y,zeoy,gap,0,0,
z,z,ey,y,zey,gap,0,0,
z,z,uy,y,zuy,attested,5,5,最蕞𢃒𥳣𧎹
z,z,waay,y,zwaay,gap,0,0,
z,z,waey,y,zwaey,gap,0,0,
z,z,way,y,zway,gap,0,0,
z,z,wey,y,zwey,gap,0,0,
z,z,wy,y,zwy,attested,21,21,洅夎捘崔脧晬祽罪辠嗺嶊慛
z,z,y,y,zy,gap,0,0,
z,z,yay,y,zyay,gap,0,0,
z,z,aaw,w,zaaw,gap,0,0,
z,z,aew,w,zaew,gap,0,0,
z,z,aw,w,zaw,attested,22,21,造棗艁嘈漕遭璪糟螬繰藻鐰
z,z,eow,w,zeow,gap,0,0,
z,z,ew,w,zew,attested,12,11,早皁槽繅褿醩趮躁竈㷮𣩒
z,z,iaew,w,ziaew,gap,0,0,
z,z,iaw,w,ziaw,gap,0,0,
z,z,iew,w,ziew,gap,0,0,
z,z,iw,w,ziw,attested,10,10,蚤曹傮璅蓸澡艚薻䏆𣍘
z,z,oew,w,zoew,gap,0,0,
z,z,ow,w,zow,attested,13,11,走奏掫陬棷楱緅鯫㔌䠫𣠏
z,z,yeow,w,zyeow,gap,0,0,
z,z,aei,i,zaei,gap,0,0,
z,z,ai,i,zai,gap,0,0,
z,z,i,i,zi,attested,170,137,子仔夘孖字自孜杍芓秄兹呰
z,z,uei,i,zuei,gap,0,0,
z,z,waei,i,zwaei,gap,0,0,
z,z,wai,i,zwai,gap,0,0,
z,z,wi,i,zwi,attested,25,23,悴㭰惢萃瘁觜嗺嶉醉劑㷷噿
z,z,aak,k,zaak,gap,0,0,
z,z,aek,k,zaek,gap,0,0,
z,z,ak,k,zak,attested,27,24,作岝怍昨柞迮砟秨笮莋酢筰
z,z,ek,k,zek,attested,9,9,寂勣樍績䚐𠴫𡧘𡧯𪄸
z,z,eok,k,zeok,gap,0,0,
z,z,iaak,k,ziaak,gap,0,0,
z,z,iak,k,ziak,gap,0,0,
z,z,iek,k,ziek,gap,0,0,
z,z,ik,k,zik,attested,50,45,即卽垐借唧堲揤畟脊迹庴楖
z,z,iok,k,ziok,gap,0,0,
z,z,iuk,k,ziuk,gap,0,0,
z,z,oek,k,zoek,gap,0,0,
z,z,ok,k,zok,attested,3,3,傶錊𣪻
z,z,uaak,k,zuaak,gap,0,0,
z,z,uek,k,zuek,gap,0,0,
z,z,uk,k,zuk,attested,15,15,則族賊銼鎐蠈鏃鰂鱡鑿𠟭𠟻
z,z,waak,k,zwaak,gap,0,0,
z,z,waek,k,zwaek,gap,0,0,
z,z,yeok,k,zyeok,gap,0,0,
z,z,yk,k,zyk,gap,0,0,
z,z,aach,ch,zaach,gap,0,0,
z,z,ach,ch,zach,attested,10,9,雀燋爵嚼爝皭㩱䶂𩰥
z,z,aech,ch,zaech,gap,0,0,
z,z,och,ch,zoch,attested,2,2,足哫
z,z,oech,ch,zoech,gap,0,0,
z,z,uch,ch,zuch,attested,18,17,摵噈槭踧殧縬蹙蹴顣㗤䙘𠴫
z,z,uech,ch,zuech,gap,0,0,
z,z,aat,t,zaat,gap,0,0,
z,z,aet,t,zaet,gap,0,0,
z,z,at,t,zat,attested,4,4,巀囋囐㩵
z,z,eot,t,zeot,gap,0,0,
z,z,et,t,zet,attested,12,12,尐絕㔢蕝蠽𠯙𢪍𣧖𧓷𨼎𩯰𪇲
z,z,iat,t,ziat,gap,0,0,
z,z,iet,t,ziet,gap,0,0,
z,z,it,t,zit,attested,39,38,岊唧堲揤疾楖嫉愱楶節蝍槉
z,z,oet,t,zoet,gap,0,0,
z,z,ot,t,zot,gap,0,0,
z,z,t,t,zt,gap,0,0,
z,z,uet,t,zuet,gap,0,0,
z,z,ut,t,zut,attested,9,9,卒啐崒捽誶踤㰵䱣𣨛
z,z,waet,t,zwaet,gap,0,0,
z,z,wat,t,zwat,attested,10,10,拶柮撮繓攥㳨䰖𠛱𤁢𨀨
z,z,woet,t,zwoet,gap,0,0,
z,z,wot,t,zwot,attested,9,9,卒倅崪捽椊稡䚝𩩠𪘧
z,z,yeot,t,zyeot,gap,0,0,
z,z,yt,t,zyt,gap,0,0,
z,z,aets,ts,zaets,gap,0,0,
z,z,ats,ts,zats,gap,0,0,
z,z,eots,ts,zeots,gap,0,0,
z,z,ets,ts,zets,gap,0,0,
z,z,aap,p,zaap,gap,0,0,
z,z,aep,p,zaep,gap,0,0,
z,z,ap,p,zap,attested,19,19,帀沞迊韴嘁噆魳𢶍磼雜雥䍼
z,z,eop,p,zeop,gap,0,0,
z,z,ep,p,zep,attested,21,20,亼浹寁崨捷𣶏椄䀹集楫䈉慹
z,z,iep,p,ziep,gap,0,0,
z,z,ip,p,zip,attested,22,21,疌咠倢婕接湒菨睫葺㗱潗誱
z,z,oep,p,zoep,gap,0,0,
z,z,op,p,zop,gap,0,0,
z,z,p,p,zp,gap,0,0,
z,z,yp,p,zyp,gap,0,0,
z,z,eov,v,zeov,gap,0,0,
z,z,ev,v,zev,gap,0,0,
z,z,ov,v,zov,gap,0,0,
z,z,aenn,nn,zaenn,gap,0,0,
z,z,ann,nn,zann,gap,0,0,
z,z,enn,nn,zenn,gap,0,0,
z,z,eonn,nn,zeonn,gap,0,0,
z,z,onn,nn,zonn,gap,0,0,
z,z,aeyh,h,zaeyh,gap,0,0,
z,z,ah,h,zah,gap,0,0,
z,z,ayh,h,zayh,gap,0,0,
z,z,emh,h,zemh,gap,0,0,
z,z,eomh,h,zeomh,gap,0,0,
z,z,ueh,h,zueh,gap,0,0,
z,z,uh,h,zuh,attested,16,11,且咀怚沮苴蛆袓跙稵䃊𧽟
z,z,r,r,zr,gap,0,0,
z,z,,open,z,gap,0,0,
z,z,a,open,za,attested,23,23,姐怚抯借罝唶袓嗟飷蒫瘥褯
z,z,aa,open,zaa,attested,13,13,佐作虘袏蒫蔖艖齹㽨䠡䰈䴾
z,z,ae,open,zae,attested,14,12,左嵳瘥醝鹺躦㝾䑘䣜𠡃𥰭𪘓
z,z,au,open,zau,attested,5,5,㭂湫劋𧂈㡑
z,z,e,open,ze,attested,7,7,祭際穄穧鰶㦣𩯷
z,z,eo,open,zeo,gap,0,0,
z,z,eou,open,zeou,gap,0,0,
z,z,eu,open,zeu,attested,55,47,茮椒焦菬勦僬劁漅誚噍嶕憔
z,z,ia,open,zia,gap,0,0,
z,z,iaeu,open,ziaeu,gap,0,0,
z,z,iau,open,ziau,gap,0,0,
z,z,ie,open,zie,gap,0,0,
z,z,ieu,open,zieu,gap,0,0,
z,z,iou,open,ziou,gap,0,0,
z,z,iu,open,ziu,gap,0,0,
z,z,o,open,zo,attested,25,24,伹作徂阼殂珇胙祖祚租秨粗
z,z,oe,open,zoe,gap,0,0,
z,z,oeu,open,zoeu,gap,0,0,
z,z,ou,open,zou,attested,31,27,酋酒逎啾媨就崷愀㥢揂湫揫
z,z,u,open,zu,attested,13,12,足埾娵掫陬嗺緅聚諏鄹㖩𡸨
z,z,ua,open,zua,attested,3,3,侳𡎬𩛠
z,z,uae,open,zuae,gap,0,0,
z,z,ue,open,zue,attested,3,3,㨹蕝𧑎
z,z,ueo,open,zueo,gap,0,0,
z,z,wa,open,zwa,attested,13,12,坐侳夎座挫㭫痤睉矬硰銼𡋲
z,z,wae,open,zwae,gap,0,0,
z,z,yeo,open,zyeo,gap,0,0,
z,z,yeou,open,zyeou,gap,0,0,
',',aan,n,'aan,attested,5,5,殷黫黰㸶𦎣
',',aen,n,'aen,gap,0,0,
',',an,n,'an,attested,17,15,安侒按洝晏案荌䀂䅁鞌鴳騴
',',en,n,'en,attested,3,3,堰躽𥈔
',',eon,n,'eon,gap,0,0,
',',ian,n,'ian,attested,24,19,匽偃焉堰郾傿嫣漹鄢蔫蝘褗
',',ien,n,'ien,attested,8,7,焉嫣鄢蔫閼㫃䟍
',',in,n,'in,attested,59,51,印因咽垔㘻姻㧢洇宴氤烟胭
',',n,n,'n,gap,0,0,
',',oen,n,'oen,gap,0,0,
',',on,n,'on,attested,4,4,恩煾䭡𤇯
',',uaen,n,'uaen,gap,0,0,
',',uan,n,'uan,attested,40,34,夗宛怨苑倇冤眢婉惌晼琬菀
',',uen,n,'uen,attested,9,8,娟悁蜎潫嬛嬽𡣬𡷡
',',ueon,n,'ueon,gap,0,0,
',',uin,n,'uin,attested,18,18,囦肙剈弲淵㾓蜎奫裫噮蝹頵
',',un,n,'un,attested,47,38,乚殷惲愠揾溵煴蒀慇氳磤緼
',',waan,n,'waan,gap,0,0,
',',waen,n,'waen,gap,0,0,
',',wan,n,'wan,attested,24,23,剜盌眢婠帵惋捥椀琬腕睕綰
',',woen,n,'woen,gap,0,0,
',',won,n,'won,attested,18,18,揾溫殟緼蕰輼鴛豱穩韞𩥈㒚
',',wyn,n,'wyn,gap,0,0,
',',yeon,n,'yeon,gap,0,0,
',',yn,n,'yn,gap,0,0,
',',aam,m,'aam,attested,3,2,黤𪒠
',',aem,m,'aem,attested,19,15,奄弇覎埯淹晻罨醃閹㛪䛳䣍
',',am,m,'am,attested,25,24,唵埯庵喑媕揜揞晻菴隌暗腤
',',em,m,'em,attested,8,5,淊揞韽黯𤟟
',',eom,m,'eom,gap,0,0,
',',iem,m,'iem,attested,18,16,俺崦㤿掩媕揜㭺渰腌菴裺𣃧
',',im,m,'im,attested,20,17,音㤿喑愔隌䅧窨蔭癊懕檿厴
',',m,m,'m,gap,0,0,
',',oem,m,'oem,gap,0,0,
',',om,m,'om,gap,0,0,
',',ym,m,'ym,attested,21,16,酓陰猒飲厭瘖嬮霠擪韾魘黶
',',yom,m,'yom,gap,0,0,
',',aang,ng,'aang,attested,1,1,瀴
',',aeng,ng,'aeng,gap,0,0,
',',ang,ng,'ang,attested,36,31,佒咉坱姎泱映胦盎眏莖𧲱軮
',',eng,ng,'eng,attested,7,7,瑩瀅鎣巊瀴𢣙𩳍
',',eong,ng,'eong,gap,0,0,
',',iaang,ng,'iaang,attested,22,22,映英媖渶詇暎楧瑛鉠摬賏影
',',iang,ng,'iang,attested,13,10,央怏炴秧紻鉠䬬駚霙㿮
',',ieng,ng,'ieng,attested,11,10,岟泱柍殃胦䄃詇鞅鴦𧵌
',',ing,ng,'ing,attested,24,22,嫈賏噟縈褮嬰應膺廮攖譍瓔
',',iong,ng,'iong,attested,22,19,邕嗈雍噰壅擁澭郺雝罋廱灉
',',iung,ng,'iung,gap,0,0,
',',oeng,ng,'oeng,gap,0,0,
',',ong,ng,'ong,gap,0,0,
',',uaang,ng,'uaang,gap,0,0,
',',ueng,ng,'ueng,gap,0,0,
',',ung,ng,'ung,attested,22,20,瓮翁勜塕滃暡䐥蓊螉郺甕罋
',',waang,ng,'waang,attested,4,4,浻奣䁝𥥈
',',waeng,ng,'waeng,gap,0,0,
',',wang,ng,'wang,gap,0,0,
',',wueng,ng,'wueng,gap,0,0,
',',wung,ng,'wung,gap,0,0,
',',yang,ng,'yang,attested,4,4,汪枉𢽃𣢫
',',yeng,ng,'yeng,attested,1,1,濙
',',yeong,ng,'yeong,gap,0,0,
',',yng,ng,'yng,gap,0,0,
',',aay,y,'aay,attested,7,7,阸哇娃洼躷𠴺𨽴
',',aey,y,'aey,attested,7,7,矮隘䅬賹㢊㰪㿄
',',ay,y,'ay,attested,24,20,呃毐哀唉埃挨欸愛僾噫曖璦
',',eoy,y,'eoy,gap,0,0,
',',ey,y,'ey,attested,15,13,衣依㛄庡扆偯郼僾繶靉㐆㥋
',',uy,y,'uy,gap,0,0,
',',waay,y,'waay,attested,2,2,蛙鼃
',',waey,y,'waey,gap,0,0,
',',way,y,'way,attested,28,26,偎崴嵔揋渨猥隈椳溾煨腲葨
',',wey,y,'wey,attested,22,22,威畏尉媁嵔㷉隇楲葳慰熨犚
',',wy,y,'wy,gap,0,0,
',',y,y,'y,gap,0,0,
',',yay,y,'yay,attested,6,6,濊獩薉穢饖䮹
',',aaw,w,'aaw,gap,0,0,
',',aew,w,'aew,gap,0,0,
',',aw,w,'aw,attested,14,12,夭镺奥墺燠襖鏖䥝䯠䴠𤏶𩼈
',',eow,w,'eow,gap,0,0,
',',ew,w,'ew,attested,14,12,芺郩媪懊澳蝹隩㤇䐿䜒𩟇𪁾
',',iaew,w,'iaew,gap,0,0,
',',iaw,w,'iaw,attested,19,18,㕭坳拗狕咬眑窅梎袎軪靿箹
',',iew,w,'iew,attested,9,8,夭仸妖枖殀芺祅訞
',',iw,w,'iw,gap,0,0,
',',oew,w,'oew,gap,0,0,
',',ow,w,'ow,attested,26,21,𠙶區剾嘔塸漚歐毆膒蓲甌瞘
',',yeow,w,'yeow,gap,0,0,
',',aei,i,'aei,gap,0,0,
',',ai,i,'ai,attested,15,15,欬喝嗄䔽壒曖餲馤藹靄䬵𢣏
',',i,i,'i,attested,77,63,伊医𠯋枍咿倚欭殹猗陭椅欹
',',uei,i,'uei,gap,0,0,
',',waei,i,'waei,gap,0,0,
',',wai,i,'wai,attested,10,7,嬒懀濊薈瞺䵳䶐
',',wi,i,'wi,attested,25,20,委倭恚烓萎逶痿骫蜲蟡覣餧
',',aak,k,'aak,attested,2,2,啞𩚬
',',aek,k,'aek,gap,0,0,
',',ak,k,'ak,attested,21,21,啞喔媉幄惡豟軶搤楃腛葯箹
',',ek,k,'ek,attested,20,20,厄戹呝阸蚅偓堊握渥蝁臒龏
',',eok,k,'eok,gap,0,0,
',',iaak,k,'iaak,gap,0,0,
',',iak,k,'iak,attested,6,6,約葯嬳臒彠𡤬
',',iek,k,'iek,gap,0,0,
',',ik,k,'ik,attested,25,25,肊抑益嗌膉億憶澺檍臆薏謚
',',iok,k,'iok,gap,0,0,
',',iuk,k,'iuk,attested,20,20,郁彧栯戫稶噢墺懊澳隩燠薁
',',oek,k,'oek,gap,0,0,
',',ok,k,'ok,attested,7,7,沃鋈觷鱟䁷䑁䮸
',',uaak,k,'uaak,attested,5,5,擭濩彠㠛䪝
',',uek,k,'uek,gap,0,0,
',',uk,k,'uk,attested,9,9,屋剭殕餩䑁𡲃𦤼𨜘𪑱
',',waak,k,'waak,attested,1,1,䪝
',',waek,k,'waek,gap,0,0,
',',yeok,k,'yeok,gap,0,0,
',',yk,k,'yk,gap,0,0,
',',aach,ch,'aach,gap,0,0,
',',ach,ch,'ach,gap,0,0,
',',aech,ch,'aech,gap,0,0,
',',och,ch,'och,gap,0,0,
',',oech,ch,'oech,gap,0,0,
',',uch,ch,'uch,gap,0,0,
',',uech,ch,'uech,gap,0,0,
',',aat,t,'aat,attested,16,15,圠穵軋婠揠猰䰲嗗嗢窫嫼䝟
',',aet,t,'aet,gap,0,0,
',',at,t,'at,attested,16,16,劜咀咹胺堨遏頞閼餲齃靄䦪
',',eot,t,'eot,gap,0,0,
',',et,t,'et,attested,1,1,妜
',',iat,t,'iat,attested,9,8,暍噦謁閼黦𡡕𢉥𩚴
',',iet,t,'iet,attested,3,3,焆噦𠵭
',',it,t,'it,attested,18,18,一乙弌妜抉咽䆕焆壹鳦亄噎
',',oet,t,'oet,gap,0,0,
',',ot,t,'ot,gap,0,0,
',',t,t,'t,gap,0,0,
',',uet,t,'uet,gap,0,0,
',',ut,t,'ut,attested,12,12,尉菀熨蔚黦欝鬱灪爩𥘄𩚴𩰪
',',waet,t,'waet,gap,0,0,
',',wat,t,'wat,attested,9,9,捾焥睕斡嬒䩊䁊𣁳𥄗
',',woet,t,'woet,gap,0,0,
',',wot,t,'wot,attested,9,9,淴揾嗢榅腽殟馧䯉𩑦
',',yeot,t,'yeot,gap,0,0,
',',yt,t,'yt,gap,0,0,
',',aets,ts,'aets,gap,0,0,
',',ats,ts,'ats,gap,0,0,
',',eots,ts,'eots,gap,0,0,
',',ets,ts,'ets,gap,0,0,
',',aap,p,'aap,attested,6,6,庘押閘鴨壓䆘
',',aep,p,'aep,gap,0,0,
',',ap,p,'ap,attested,18,17,佮姶唈庵媕廅搕罨罯盦鞥鰪
',',eop,p,'eop,gap,0,0,
',',ep,p,'ep,attested,4,4,凹浥圔𨂁
',',iep,p,'iep,attested,18,16,浥殗腌罨裛鄓餣㡋㪑䁆䎨䤶
',',ip,p,'ip,attested,17,17,邑唈悒挹浥䓃揖裛厭嬮擪靨
',',oep,p,'oep,gap,0,0,
',',op,p,'op,gap,0,0,
',',p,p,'p,gap,0,0,
',',yp,p,'yp,gap,0,0,
',',eov,v,'eov,gap,0,0,
',',ev,v,'ev,gap,0,0,
',',ov,v,'ov,gap,0,0,
',',aenn,nn,'aenn,gap,0,0,
',',ann,nn,'ann,gap,0,0,
',',enn,nn,'enn,gap,0,0,
',',eonn,nn,'eonn,gap,0,0,
',',onn,nn,'onn,gap,0,0,
',',aeyh,h,'aeyh,gap,0,0,
',',ah,h,'ah,gap,0,0,
',',ayh,h,'ayh,gap,0,0,
',',emh,h,'emh,gap,0,0,
',',eomh,h,'eomh,gap,0,0,
',',ueh,h,'ueh,gap,0,0,
',',uh,h,'uh,gap,0,0,
',',r,r,'r,gap,0,0,
',',,open,',gap,0,0,
',',a,open,'a,attested,21,20,丫覀亞俹啞婭椏𦜖瘂稏鴉錏
',',aa,open,'aa,attested,8,7,妿阿娿痾鈳䋪𨵌
',',ae,open,'ae,attested,7,6,侉妸椏㫊𣘨𧙃
',',au,open,'au,gap,0,0,
',',e,open,'e,gap,0,0,
',',eo,open,'eo,gap,0,0,
',',eou,open,'eou,gap,0,0,
',',eu,open,'eu,attested,15,13,扵怮泑幽飫瘀鄔箊黝醧𡫽𧍘
',',ia,open,'ia,gap,0,0,
',',iaeu,open,'iaeu,gap,0,0,
',',iau,open,'iau,attested,22,21,幺怮杳苭窅窈偠窔婹葽鴢騕
',',ie,open,'ie,attested,5,5,瘞䔽餲䋵𦝲
',',ieu,open,'ieu,attested,13,11,約要喓腰葽䙅邀闄蟯䳩𧍔
',',iou,open,'iou,attested,20,20,妋怮麀䬀憂優嚘懮瀀獶鄾櫌
',',iu,open,'iu,attested,17,14,幼呦於眑唹淤蚴棜菸䬀𢆶𢮁
',',o,open,'o,attested,35,32,圬扝汙汚杇於洿烏盓釫惡嗚
',',oe,open,'oe,gap,0,0,
',',oeu,open,'oeu,gap,0,0,
',',ou,open,'ou,gap,0,0,
',',u,open,'u,attested,18,16,扜迂紆虶陓傴嫗蓲噢饇㝼䙔
',',ua,open,'ua,attested,2,2,𠏃𦚢
',',uae,open,'uae,gap,0,0,
',',ue,open,'ue,gap,0,0,
',',ueo,open,'ueo,gap,0,0,
',',wa,open,'wa,attested,20,17,哇洼倭畖窊婐涴涹渦蛙窪踒
',',wae,open,'wae,gap,0,0,
',',yeo,open,'yeo,gap,0,0,
',',yeou,open,'yeou,gap,0,0,
